<?xml version="1.0" encoding="utf-8"?>
<gadget>
	<name>圈圈小游戏</name>
	<shortname>游戏</shortname>
	<namespace>snda.igw</namespace>
	<version>1.0.0.0</version>
	<author name="SNDA Corporation">
		<info url="http://www.sdo.com" text="www.sdo.com"/>
		<logo src="icon.png"/>
	</author>
	<copyright>© 2008</copyright>
	<description>为您奉上最新潮、最经典的快乐小游戏</description>
	<icons>
		<icon height="64" width="64" src="icon.png"/>
		<icon height="32" width="32" src="icon32.png"/>
		<icon height="21" width="21" src="icon21.png"/>
	</icons>
	<hosts>
		<host name="sidebar">
			<base type="html" apiVersion="1.0.0" src="http://xiangqi.igw.sdo.com/minigame/minigame.htm?role=$gnick$($gname$_$gaid$)" loginMode="SDO" width="668" height="535" clientwidth="640" clientheight="480" xul="WebBrowser.xml"/>
			<permissions>Full</permissions>
			<platform minPlatformVersion="1.0"/>
			<defaultImage src="drag.png"/>
		</host>
	</hosts>
	<guid>{FF3594D8-B483-49D8-A1CF-8B8D55430EB3}</guid>
</gadget>
