<?xml version="1.0" encoding="utf-8"?>
<gadget>
	<name>象棋残局大师</name>
	<shortname>象棋</shortname>
	<namespace>snda.igw</namespace>
	<version>1.0.0.1</version>
	<author name="SNDA Corporation">
		<info url="http://www.sdo.com" text="www.sdo.com"/>
		<logo src="icon.png"/>
	</author>
	<copyright>© 2008</copyright>
	<description>中国象棋杀局闯关游戏</description>
	<icons>
		<icon height="64" width="64" src="icon.png"/>
		<icon height="32" width="32" src="icon32.png"/>
		<icon height="21" width="21" src="icon21.png"/>
	</icons>
	<hosts>
		<host name="sidebar">
			<base type="html" apiVersion="1.0.0" src="http://xiangqi.igw.sdo.com:8080/xiangqi/?role=$gname$($gid$)/$ga$($gaid$)/$gs$($gsid$)/$gnick$($sex$)" loginMode="SDO" width="252" height="351" clientwidth="224" clientheight="296" xul="WebBrowser.xml"/>
			<permissions>full</permissions>
			<platform minPlatformVersion="1.0"/>
			<defaultImage src="drag.png"/>
		</host>
	</hosts>
	<guid>{2E5E7656-BCF0-4BF3-89FD-D82F87031420}</guid>
</gadget>
