﻿<?xml version="1.0" encoding="utf-8"?>
<xul majorVer="1" minorVer="0" type="wg2d">
	<skin src=".\Skins\IGW.DefaultSkin.xml"/>
	<view name="WebBrowser" type="TScriptWidgetForm" caption="" left="270" top="80" width="266" height="315" skin="bg_widgetform" allowResize="0" candock="false" miniheight="315" miniwidth="266"  contentcandrag="false" floatbuttonstatus="0" margin="(6, 33, 6, 6)"  contentcolor="#FFFFFFFF" contenttransparent="false" onsetfocus="OnWebBrowserSetFocus(Self);">
		<label left="5" top="5" width="72" height="20" name="formLogo" skin="bg_igwSndaOnlineLogo" canactivate="false" cannotifydrag="true" />
		<label left="72" top="5" width="150" height="25" name="formCaption" fontname="CaptionFont" alignment="taLeftJustify" canactivate="false" cannotifydrag="true"  shadowenabled="true" shadowoffsetx="1" shadowoffsety="1" shadowtextcolor="$FFFFFFFF" textcolor="$FF000000" shadowblur="0" shadowreplay="0" layout="llCenter" shadowoutline="false" wordwrap="false" fontmargin="5" ellipsisposition="epEndEllipsis"/>
		<label left="10" top="8" width="16" height="16" name="btnClose" skin="btn_close_17x17" onclick="OnFormBtnClose(Self)" canactivate="false"/>
		<label left="10" top="6" width="19" height="19" name="btnHelp" skin="btn_help_20x20" onclick="OnFormBtnHelp(Self)" canactivate="false"/>
	</view>
	<script src="WebBrowserNoMin.js"/>
</xul>