<?xml version="1.0" encoding="utf-8"?>
<xul majorVer="1" minorVer="0" type="wg2d">
	<skin src="Skins\IGW.DefaultSkin.xml"/>	
	<view name="igwsetdlg" type="TWidgetSetDialog" left="50" top="50" width="320" height="335" skin="bg_igwsetdialog" candock="false" docksite="false"  floatbuttonstatus="0"  cachepaintt="false">
	  <slider left="140" top="95" width="130" height="14" skin="" name="sliderBlendValue"  staffskinname="btn_sliderstaff_111x6" sliderskinname="btn_slider_12x14" max="100" min="5" thumblength="6" sliderlength="12"/>
		<button type="" left="290" top="8" width="17" height="17" skin="btn_bigclose_17x17" name="btnSetFormClose" onclick="btnSetFormCloseOnClick(Self);" showhint="true" hint="关闭" canactivate="false"/>
		<button type="" left="60" top="296" width="70" height="20" skin="btn_normal_70x63" name="btnOK" caption="确定" alignment="taCenter" layout="llCenter" canactivate="false" onclick="btnOKOnClick(Self)" />
		<button type="" left="180" top="296" width="70" height="20" skin="btn_normal_70x63" name="btnCancel" caption="取消" alignment="taCenter" layout="llCenter" canactivate="false" onclick="btnCancelOnClick(Self)"/>
		
		<button type="" left="20" top="38" width="60" height="20" skin="bg_igwNormalTab" name="btnTabUISkin" caption="界面设置" alignment="taCenter" layout="llCenter" canactivate="false" onclick="OnbtnTabUISkinClick(Self);"/>
		<button type="" left="80" top="38" width="60" height="20" skin="bg_igwNormalTab" name="btnTabAudio" caption="音效管理" alignment="taCenter" layout="llCenter" canactivate="false" onclick="OnbtnTabAudioClick(Self);"/>
		<button type="" left="140" top="38" width="60" height="20" skin="bg_igwNormalTab" name="btnTabSystemSet" caption="系统设置" alignment="taCenter" layout="llCenter" canactivate="false" onclick="OnbtnTabSystemSetClick(Self);"/>
		<button type="" left="9" top="58" width="300" height="17" skin="bg_igwNormalTabBottomLine" name="btnTabBottomLine" caption="" alignment="taCenter" layout="llCenter" canactivate="false" onclick="" bordercolora="$FFFF0000"/>
		<label left="16" top="8" width="140" height="20" skin="" name="WidgetListTitleWWW" caption="圈圈设置" layout="llCenter"  ellipsisposition="epWordEllipsis" cannotifydrag="true"/>
		<label left="26" top="95" width="80" height="16" skin="" name="blendcaption" caption="界面透明度：" layout="llCenter"  ellipsisposition="epWordEllipsis" cannotifydrag="true" abordercolor="$ffff0000" textcolor="$fffffffe"/>
		<label left="101" top="95" width="35" height="16" skin="" name="blendvalue" caption="50%" layout="llCenter"  ellipsisposition="epWordEllipsis" cannotifydrag="true"  alignment="taCenter" bordercolora="$ffff0000" textcolor="$fffffffe"/>
		<label left="26" top="95" width="260" height="100" skin="" name="labelsoundRegion" caption="" layout="llCenter"  ellipsisposition="epWordEllipsis" cannotifydrag="true" textcolor="$fffffffe" bordercolor="$FF333333" canactivate="false" visible="false">
		  <slider left="114" top="30" width="130" height="14" skin="" name="sliderSoundValue"  staffskinname="btn_sliderstaff_111x6" sliderskinname="btn_slider_12x14" max="100" min="5" thumblength="6" sliderlength="12"/>
		  <slider left="114" top="60" width="130" height="14" skin="" name="sliderEffectValue"  staffskinname="btn_sliderstaff_111x6" sliderskinname="btn_slider_12x14" max="100" min="5" thumblength="6" sliderlength="12"/>		
			<label left="10" top="-7" width="80" height="16" skin="bg_igwSetFormlblsoundCaption" name="labelsoundCaption" caption="游戏音量设置" layout="llCenter"  ellipsisposition="epWordEllipsis" cannotifydrag="true" abordercolor="$ffff0000" textcolor="$fffffffe" backgroundcolora="$FF060605" alignment="taCenter"/>
			<label left="15" top="30" width="43" height="16" skin="" name="SoundCaption" caption="音乐：" layout="llCenter"  ellipsisposition="epWordEllipsis" cannotifydrag="true" abordercolor="$ffff0000" textcolor="$fffffffe"/>
			<label left="15" top="60" width="43" height="16" skin="" name="EffectCaption" caption="音效：" layout="llCenter"  ellipsisposition="epWordEllipsis" cannotifydrag="true" abordercolor="$ffff0000" textcolor="$fffffffe"/>
			<label left="60" top="30" width="50" height="16" skin="" name="SoundValue" caption="0%" layout="llCenter"  ellipsisposition="epWordEllipsis" cannotifydrag="true" textcolor="$fffffffe" alignment="taCenter"/>
			<label left="60" top="60" width="50" height="16" skin="" name="EffectValue" caption="0%" layout="llCenter"  ellipsisposition="epWordEllipsis" cannotifydrag="true" textcolor="$fffffffe" alignment="taCenter"/>
		</label>
		<label left="26" top="126" width="75" height="20" skin="" name="lblUITheme" caption="界面主题：" layout="llCenter"  ellipsisposition="epWordEllipsis" cannotifydrag="true" />
		<label left="26" top="151" width="75" height="20" skin="" name="lblUISkin" caption="配色方案：" layout="llCenter"  ellipsisposition="epWordEllipsis" cannotifydrag="true" />
		<label left="26" top="215" width="260" height="25" skin="" name="lblhintsoundvalueset" caption="提示：以上设置将在开启电台和语聊等有声应用时生效。" layout="llCenter"  ellipsisposition="epWordEllipsis" cannotifydrag="true" wordwrap="true" bordercolora="$FFFF0000"/>
		<button left="100" top="126" width="137" height="20" skin="lbl_normalcomboxfonststyle" name="btnThemeName" caption="自适应游戏" alignment="taLeftJustify" textindent="5" layout="llCenter" canactivate="false" onclick="btnThemeNameOnClick(Self);"  bordercolor="$FF808080"/>
		<button left="100" top="151" width="137" height="20" skin="lbl_normalcomboxfonststyle" name="btnSkinName" caption="默认皮肤" alignment="taLeftJustify" textindent="5" layout="llCenter" canactivate="false" onclick="btnSkinNameOnClick(Self);"  bordercolor="$FF808080"/>
		<button left="220" top="128" width="15" height="15" skin="btn_btncombox_15x15" name="btnThemeDownCombox" caption="" canactivate="false" onclick="btnThemeNameOnClick(Self);"/>
		<button left="220" top="153" width="15" height="15" skin="btn_btncombox_15x15" name="btnSkinDownCombox" caption="" canactivate="false" onclick="btnSkinNameOnClick(Self);"/>
		<label left="26" top="95" width="260" height="60" skin="" name="labelSystemSetRegion" caption="" layout="llCenter"  ellipsisposition="epWordEllipsis" cannotifydrag="true" textcolor="$fffffffe" bordercolor="$FF333333" canactivate="false" visible="false">
			<label left="10" top="-7" width="80" height="16" skin="bg_igwSetFormlblsoundCaption" name="labelSystemSetCaption" caption="消息中心设置" layout="llCenter"  ellipsisposition="epWordEllipsis" cannotifydrag="true" abordercolor="$ffff0000" textcolor="$fffffffe" backgroundcolora="$FF060605" alignment="taCenter"/>
		</label>
		<checkbox left="46" top="108" width="156" height="16" skin="" checkskinname="checkbox_checked_13x13" uncheckskinname="checkbox_unchecked_13x13" name="checkboxDisablePopupMsg" caption="圈圈隐藏状态时不弹出消息" alignment="taLeftJustify" layout="llCenter" canactivate="true" onclick=""  showhint="false" hint="" textcolor="$FFFFFFFF"/>
		<checkbox left="46" top="130" width="125" height="16" skin="" checkskinname="checkbox_checked_13x13" uncheckskinname="checkbox_unchecked_13x13" name="checkboxAllowPopupMsg" caption="只接收消息，不弹出" alignment="taLeftJustify" layout="llCenter" canactivate="true" onclick=""  showhint="false" hint="" textcolor="$FFFFFFFF"/>
		
		<label left="26" top="165" width="260" height="110" skin="" name="labelSystemSetScreenCap" caption="" layout="llCenter"  ellipsisposition="epWordEllipsis" cannotifydrag="true" textcolor="$fffffffe" bordercolor="$FF333333" canactivate="true" visible="false">
			<label left="10" top="-7" width="60" height="16" skin="bg_igwSetFormlblsoundCaption" name="labelSystemSetScreenCapCaption" caption="截图设置" layout="llCenter"  ellipsisposition="epWordEllipsis" cannotifydrag="true" abordercolor="$ffff0000" textcolor="$fffffffe" alignment="taCenter"/>			
			<checkbox left="20" top="14" width="125" height="16" skin="" checkskinname="checkbox_checked_13x13" uncheckskinname="checkbox_unchecked_13x13" name="checkboxAutoHideAllWidget" caption="截图时自动隐藏应用" alignment="taLeftJustify" layout="llCenter" canactivate="false" onclick=""  showhint="false" hint="" textcolor="$FFFFFFFF"/>
			
			<label left="16" top="37" width="60" height="16" skin="" name="labelSystemKuaiJieJianCaption" caption="快捷键：" layout="llCenter"  ellipsisposition="epWordEllipsis" cannotifydrag="true" abordercolor="$ffff0000" textcolor="$fffffffe" alignment="taLeftJustify" />
			<checkbox left="30" top="60" width="150" height="16" skin="" checkskinname="Radio_checked_13x13" uncheckskinname="Radio_unchecked_13x13" name="RadioDefaultHotKey" caption="默认热键  PrintScreen" alignment="taLeftJustify" layout="llCenter" canactivate="true" onclick=""  showhint="false" hint="" textcolor="$FFFFFFFF" />
			<checkbox left="30" top="78" width="80" height="16" skin="" checkskinname="Radio_checked_13x13" uncheckskinname="Radio_unchecked_13x13" name="RadioDefineHotKey" caption="自定义热键" alignment="taLeftJustify" layout="llCenter" canactivate="false" onclick=""  showhint="false" hint="" textcolor="$FFFFFFFF"/>
			<hotkeyedit left="115" top="78" width="140" height="18"  skin="" name="editHotKey" text="无" caretcolor="$FFFF0000" margin="(2,3,2,1)" textcolor="$FFFFFFFE" fontname="Normal" bordercolor="$FF808080" canactivate="true"/>
		</label>
				
		<menu left="100" top="90" width="137" height="100" name="PopupMenuUITheme" skin="" onpopupmenu="" menuitemskin="bg_igwmenuitem18x18" autoalign="true"  bordercolor="$FF808080" backgroundcolor="$FF000000" textindent="5" >
		</menu>
		<menu left="100" top="90" width="137" height="100" name="PopupMenuUISkin" skin="bg_igwmenu" onpopupmenu="" menuitemskin="bg_igwmenuitem18x18" autoalign="true"  bordercolor="$FF808080"  backgroundcolor="$FF000000" textindent="5" >
		</menu>		
	</view>
	<script src="DefaultSetDialog.js"/>
</xul>