﻿<?xml version="1.0" encoding="utf-8"?>
<xul majorVer="1" minorVer="0" type="wg2d">
	<skin src="Skins\IGW.DefaultSkin.xml"/>	
	<view name="taskbarsvertical" type="TaskBar" left="700" top="100" width="49" height="310" skin="bg_igwbarsvertical" candock="false" barsinterval="2" barsleft="6" barstop="46" barswidth="36" barsheight="254" minisize="119" bardirection="wbVertical" docksite="false" ontaskchanged="taskbarsverticalOnTaskChanged(Self);"  canactivate="false" animationspeed="30" btnhideimage="bg_igwHideStatus32x32">
		<bariconbutton type="" left="0" top="-39" width="49" height="44" skin="bg_igwStartLogo" name="Bartopbg" onclick="" cannotifydrag="true"  cursor="[HAND]">
				<QuanQuanFlashButton type="" left="6" top="11" width="36" height="25" skin="btn_igwStartLogoBlue" name="BartopLogo" onclick="BartopLogoOnclick(Self);" canactivate="false"  cannotifydrag="true" cursor="[HAND]" DragEnableClick="false"/>
		</bariconbutton>
		<MessageButton type="" left="19" top="5" width="13" height="13" skin="btn_barmsg_13x13" name="btnBarvFormClose" onclick="btnBarvFormCloseOnClick(Self);" showhint="true" hint="系统消息" canactivate="false" />
		<ManagerButton type="" left="7" top="5" width="13" height="13" skin="btn_baradd_13x13" name="btnBarvFormSearch" onclick="" showhint="true" hint="添加工具" link=".\DefaultManagerDialog.xml" canactivate="false" />
		<button SetButton="" type="" left="31" top="5" width="13" height="13" skin="floatbtn_comboxdown" name="btnBarvFormSet" onclick="btnBarvFormSetOnClick(Self);" showhint="true" hint="设置" canactivate="false"  link=".\DefaultSetDialog.xml"/>
		<button type="" left="9" top="15" width="13" height="13" skin="btn_barpageup_13x13" name="btnBarvFormPageUp" onclick="btnBarvFormPageUpOnClick(Self);" canactivate="false" showhint="true" hint="上一页"/>
		<button type="" left="26" top="15" width="13" height="13" skin="btn_barpagedown_13x13" name="btnBarvFormPageDown" onclick="btnBarvFormPageDownOnClick(Self);" canactivate="false" showhint="true" hint="下一页"/>
		<resizebutton type="" left="12" top="10" width="24" height="6" skin="btn_barvresize_24x6" name="btnBarvFormBarResize" onclick=""  canactivate="false" cursoraaa="[DragCursor]" resizetype="gwrstBottom" showhint="true" hint="调整高度"/>
		<label type="" left="10" top="31" width="30" height="9" skin="" name="lablePageTotal" caption="3/4" alignment="taCenter" layout="llCenter" canactivate="false" onclick="" wordwrap="false"/>
		<menu left="100" top="100" width="60" height="56" name="CtrlBarItemMenu" skin="bg_igwmenu" menuitemskin="bg_igwmenuitem18x18" onpopupmenu=""  margin="(8,8,10,10)" autoalign="true">
			<menuitem left="7" top="8" width="45" height="18" name="MenuItemBarItemSet" skin="bg_igwmenuitem18x18" caption="设置" onmenuitemclick="" alignment="taCenter" visible="false"/> 
			<menuitem left="7" top="28" width="45" height="18" name="MenuItemBarItemDel" skin="bg_igwmenuitem18x18" caption="删除" onmenuitemclick="" alignment="taCenter"/>
			<menuitem left="4" top="28" width="52" height="18" name="MenuItemBarItemClose" skin="bg_igwmenuitem18x18" caption="关闭" onmenuitemclick="" alignment="taCenter"/>
		</menu>
		<menu left="100" top="100" width="60" height="56" name="CtrlAddWidgetItemMenu" skin="bg_igwmenu" menuitemskin="bg_igwmenuitem18x18" onpopupmenu=""  margin="(8,8,10,10)" autoalign="true">
			<menuitem left="7" top="8" width="45" height="18" name="MenuItemBarItemAdd" skin="bg_igwmenuitem18x18" caption="添加" onmenuitemclick="OnMenuItemBarItemAddClick(Self);" alignment="taCenter"/>
		</menu>
		<menu left="100" top="100" width="60" height="56" name="CtrlDownWidgetItemMenu" skin="bg_igwmenu" menuitemskin="bg_igwmenuitem18x18" onpopupmenu=""  margin="(8,8,10,10)" autoalign="true">
			<SetMenuItemButton left="7" top="8" width="45" height="18" name="MenuItemBarItemSysSet" skin="bg_igwmenuitem18x18" caption="设置" onmenuitemclick="" alignment="taCenter" link=".\DefaultSetDialog.xml"/>
			<menuitemlinkbutton left="7" top="8" width="45" height="18" name="MenuItemBarItemScrCap" skin="bg_igwmenuitem18x18" caption="截图" onmenuitemclick="" alignment="taCenter" link="..\DefaultCapScreen.xml" wglinkbtnpostype="wglbptCenter" nextlinkclose="True" visible="false"/>
		</menu>
	</view>
	<script src="DefaultTaskBarAutoV.js"/>
</xul>