﻿<?xml version="1.0" encoding="utf-8"?>
<xul majorVer="1" minorVer="0" type="wg2d">
	<skin src="Skins\IGW.DefaultSkin.xml"/>	
	<view name="MyTestWidgetDialog" type="TWidgetDialog" caption="" left="270" top="80" width="320" height="200"  skin="bg_igwsetdialog" allowResize="0" candock="false"  backgroundskinname="bg_igwiePopupBackBround147x131" margin="(8, 31, 11, 49)">
		<button type="" left="290" top="8" width="17" height="17" skin="btn_bigclose_17x17" name="btnFormClose" onclick="btnFormCloseOnClick(Self);" showhint="true" hint="关闭"  canactivate="false"/>
		<button type="" left="60" top="162" width="70" height="20" skin="btn_normal_70x63" name="btnOK" caption="确定" alignment="taCenter" layout="llCenter" canactivate="false" onclick="" />
		<button type="" left="180" top="162" width="70" height="20" skin="btn_normal_70x63" name="btnCancel" caption="取消" alignment="taCenter" layout="llCenter" canactivate="false" onclick=""/>
				
		<label type="" left="10" top="8" width="200" height="20" skin="" name="labelcaption" caption="Caption" alignment="taLeftJustify" layout="llCenter" canactivate="false" onclick="" textcolor="$FFFFFFFF"  cannotifydrag="true"  ellipsisposition="epWordEllipsis"/>
		<label type="" left="10" top="32" width="298" height="119" skin="" name="labelText" caption="text" alignment="taCenter" layout="llCenter" canactivate="false" onclick="" textcolor="$FF000000" ellipsisposition="epWordEllipsis" wordwrap="true"  cannotifydrag="true" bordercolora="$FFFF0000"/>
	</view>
	<script src="DefaultMsgDiagle.js"/>
</xul>