﻿<?xml version="1.0" encoding="utf-8"?>
<xul majorVer="1" minorVer="0" type="wg2d">
	<skin src=".\Skins\IGW.DefaultSkin.xml"/>
	<view name="WebBrowser" type="AdcolumnWebBrowser" caption="" left="270" top="80" width="266" height="315" skin="bg_igwieSndaLogoDefaultForm_white" allowResize="0" candock="false" miniheight="315" miniwidth="266"  contentcandrag="false" floatbuttonstatus="0" margin="(14, 41, 14, 14)"  contentcolor="#FFFFFFFF" contenttransparent="false" onsetfocus="OnWebBrowserSetFocus(Self);" fixbarpos="(-6, 38, 0, 20)">
		<label left="82" top="8" width="150" height="25" name="formCaption" fontname="CaptionFont" alignment="taLeftJustify" canactivate="false" cannotifydrag="true"  shadowenabled="true" shadowoffsetx="0" shadowoffsety="0" shadowtextcolor="$FFFFFFFF" textcolor="$FF000000" shadowblur="30" shadowreplay="3" layout="llCenter" shadowoutline="true" wordwrap="false" fontmargin="5" ellipsisposition="epEndEllipsis"/>
		<label left="10" top="13" width="15" height="15" name="btnClose" skin="btn_igwieclose_focus_15x15" onclick="OnFormBtnClose(Self)" canactivate="false"/>
		<label left="220" top="13" width="15"  height="15" name="btnMin" skin="btn_igwieMini_focus_15x15" onclick="OnFormBtnMin(Self)" canactivate="false"/>
		<label left="10" top="13" width="15" height="15" name="btnHelp" skin="btn_igwieWenHao_focus_15x15" onclick="OnFormBtnHelp(Self)" canactivate="false"/>
	</view>
	<script src="WebBrowser.js"/>
</xul>