﻿<?xml version="1.0" encoding="utf-8"?>
<gadget>
	<name>起点文学</name>
	<shortname>起点</shortname> 
	<namespace>snda.igw</namespace>
	<version>1.0.0.4</version>
	<author name="SNDA Corporation">
		<info url="http://www.qidian.com" text="起点中文网"/>
		<logo src="icon64.png"/>
	</author>
	<copyright>© 2008</copyright>
	<description>起点文学-小说原创门户--起点中文网</description>
	<icons>
		<icon height="64" width="64" src="icon64.png"/>
		<icon height="32" width="32" src="icon32.png"/>
		<icon height="21" width="21" src="icon21.png"/>
	</icons>
	<hosts>
		<host name="sidebar">
			<base type="html" apiVersion="1.0.0" src="http://igwgame.qidian.com/default.aspx?bookid=$srcparam$" loginMode="SDO" width="752" height="459" clientwidth="724" clientheight="404" xul="WebBrowser.xml" />
			<permissions>full</permissions>
			<platform minPlatformVersion="1.0"/>
			<defaultImage src="drag.png"/>
		</host>
	</hosts>
	<guid>{DF2FDE45-5859-401B-9C27-6978CD25F23E}</guid>
</gadget>
