﻿<?xml version="1.0" encoding="utf-8"?>
<gadget>
	<name>心理测试</name>
	<shortname>测试</shortname>
	<namespace>snda.igw</namespace>
	<version>1.0.0.4</version>
	<author name="SNDA Corporation">
		<info url="http://www.sdo.com" text="www.sdo.com"/>
		<logo src="icon.png"/>
	</author>
	<copyright>© 2008</copyright>
	<description>幽默神奇的测试题，帮你了解自己不为人知的另一面，助你解析他（她）举止行为背后的心理习惯。</description>
	<icons>
		<icon height="64" width="64" src="icon.png"/>
		<icon height="32" width="32" src="icon32.png"/>
		<icon height="21" width="21" src="icon21.png"/> 
	</icons>
	<hosts>
		<host name="sidebar">
			<base type="html" apiVersion="1.0.0" src="http://survey.sdo.com/Index.aspx?APPID=$gid$&amp;Area=$gaid$&amp;Server=$gsid$&amp;nickname=$gnick$" loginMode="SDO" width="278" height="415" clientwidth="250" clientheight="350" xul="WebBrowser.xml" />
			<permissions>full</permissions>
			<platform minPlatformVersion="1.0"/>
			<defaultImage src="drag.png"/>
		</host>
	</hosts>
	<guid>{686F6C29-0DF4-45B9-8B7C-8E8D865D99EF}</guid>
</gadget>
