<?xml version="1.0" encoding="utf-8"?>
<gadget>
	<name>盛大问吧</name>
	<shortname>问吧</shortname>
	<namespace>snda.igw</namespace>
	<version>1.0.0.4</version>
	<author name="SNDA Corporation">
		<info url="http://www.sdo.com" text="www.sdo.com"/>
		<logo src="icon.png"/>
	</author>
	<copyright>© 2008</copyright>
	<description>所有关于盛大游戏的问题，都可以在这里发布，并可得到其他用户的回答。</description>
	<icons>
		<icon height="64" width="64" src="icon.png"/>
		<icon height="32" width="32" src="icon32.png"/>
		<icon height="21" width="21" src="icon21.png"/>
	</icons>
	<hosts>
		<host name="sidebar">
			<base type="html" apiVersion="1.0.0" src="http://crmbbs.sdrs.sdo.com:8082/IQ/User/UserMainIGW.aspx?co=1&amp;tp=11&amp;ut=1&amp;id=&amp;gd=1&amp;gm=$gid$&amp;ar=$gaid$&amp;sv=$gsid$&amp;rl=$gnick$" loginMode="SDO" width="448" height="475" clientwidth="420" clientheight="420" xul="WebBrowser.xml"/>
			<permissions>full</permissions>
			<platform minPlatformVersion="1.0"/>
			<defaultImage src="drag.png"/>
		</host>
	</hosts>
	<guid>{3AF18AFC-9872-40E6-BFBC-D0BD1D586615}</guid>
</gadget>
