﻿<?xml version="1.0" encoding="utf-8"?>
<gadget>
	<name>盛大易聊</name>
	<shortname>易聊</shortname>
	<namespace>snda.igw</namespace>
	<version>2.0.0.1</version>
	<author name="SNDA Corporation">
		<info url="http://www.sdo.com" text="www.sdo.com"/>
		<logo src="icon.png"/>
	</author>
	<copyright>© 2008</copyright>
	<description>让您在游戏的同时轻松进行语音交流，免去打字的疲劳。直接加入频道，或自己开设频道邀请好友加入，任您选择。</description>
	<icons>
		<icon height="64" width="64" src="icon.png"/>
		<icon height="32" width="32" src="icon32.png"/>
		<icon height="21" width="21" src="icon21.png"/>
	</icons>
	<hosts>
		<host name="sidebar">
			<base type="HostApp" apiVersion="1.0.0" src="1001" />
			<permissions>full</permissions>
			<platform minPlatformVersion="1.0"/>
			<defaultImage src="drag.png"/>
		</host>
	</hosts>
	<guid>{0AB7FBD1-6448-4ACA-9AC3-289AA5B2B179}</guid>
</gadget>