﻿<?xml version="1.0" encoding="utf-8"?>
<gadget>
	<name>用户调查</name>
	<shortname>调查</shortname>
	<namespace>snda.igw</namespace>
	<version>1.0.0.5</version>
	<author name="SNDA Corporation">
		<info url="http://www.sdo.com" text="www.sdo.com"/>
		<logo src="icon.png"/>
	</author>
	<copyright>© 2008</copyright>
	<description>圈圈产品用户调查</description>
	<icons>
		<icon height="64" width="64" src="icon.png"/>
		<icon height="32" width="32" src="icon32.png"/>
		<icon height="21" width="21" src="icon21.png"/>
	</icons>
	<hosts>
		<host name="sidebar">
			<base type="html" apiVersion="1.0.0" src="http://vote.igw.sdo.com/vote/kf.asp?userinfo=$gid$^$^$gaid$^$^$gsid$^$^$gnick$" loginMode="SSO" width="458" height="525" clientwidth="430" clientheight="470" xul="WebBrowser.xml" />
			<permissions>full</permissions>
			<platform minPlatformVersion="1.0"/>
			<defaultImage src="drag.png"/>
		</host>
	</hosts>
	<guid>{FF10A80A-AE67-4105-B439-F53E3EDDCD91}</guid>
</gadget>
