﻿<?xml version="1.0" encoding="utf-8"?>
<gadget>
	<name>在线充值</name>
	<shortname>充值</shortname>
	<namespace>snda.igw</namespace>
	<version>1.0.0.4</version>
	<author name="SNDA Corporation">
		<info url="http://www.sdo.com" text="www.sdo.com"/>
		<logo src="icon.png"/>
	</author>
	<copyright>© 2008</copyright>
	<description>在游戏内即可完成充值，我们提供多样的充值方式供您选择：实物卡、银行卡（一点充）、手机/固话直充、手机充值卡直充、短信购卡、声讯购卡等</description>
	<icons>
		<icon height="64" width="64" src="icon.png"/>
		<icon height="32" width="32" src="icon32.png"/>
		<icon height="21" width="21" src="icon21.png"/>
	</icons>
	<hosts>
		<host name="sidebar">
			<base type="HostApp" apiVersion="1.0.0" src="1002" />
			<permissions>full</permissions>
			<platform minPlatformVersion="1.0"/>
			<defaultImage src="drag.png"/>
		</host>
	</hosts>
	<invisible>8</invisible>
	<guid>{AF5945A6-8D3C-45A6-91C8-062279B9860A}</guid>
</gadget>
