<?xml version="1.0" encoding="utf-8"?>
<widget>
	<!-- namespace标签有则为整个描述文件中的name、fontname、imagename等名称指定加上名称前辍
			例如:namespace是"igwskin"，则所有定义的名称都为"igwskin." + 定义的名称，下面定义的图片就为"igwskin.IGW_Controls"
			名称空间可以为空，但如果没有该标签则名称空间默认为该文件的全路径例如："c:\IGW.DefaultSkin.xml."
	 -->
	<namespace></namespace>
	<!-- widgetskinsresource是定义Skin用到的资源包括图片，字体，颜色等，解析时被优先于widgetskins处理 -->
	<widgetskinsresource>
		<images>
			<!-- 注意图片名称全局使用的 system="true" 则没有使用仍然不释放，为false时超过5秒不使用则自动释放 -->
			<image name="IGW_LegendOfMirWbCtrl" src="..\Images\IGW_LegendofMirWebBrowserSkin.png" system="true"/>
		</images>
		<fonts>
			<!-- 注意字体名称全局使用的 -->
			<font name="WBCaptionFont" family="宋体" size="9" bold="True" italic="False" underLine="False" system="true"/>
		</fonts>
	</widgetskinsresource>
	<!-- widgetskins中的system为真标识该skin文件只会被加载一次不允许重复加载 -->
	<widgetskins system="true">
		<!-- 注意全部都小写，且一套skin用到的图片尽可能集中到少量的纹理中必须过多的纹理导致的浪费 -->
		<!-- name是指定的skin名称 system表示是否为系统级的（系统级的不会因为不使用而被删除） imagecenterdraw居中绘制 image自stretchdraw自动缩放绘制 -->
		<!-- 注意imagewell用于标识该图片按照九宫格的方式缩放（左上角宽度，左上角高度，右下角宽度，右下角高度） -->
		<skin name="bg_LegendOfMirWBNormal" system="true" imagecenterdraw="false" imagestretchdraw="true">
			<!-- imagename为在Images中可获取的图片名称 如果不指定imagename可以使用src来直接指定文件路径，两标记都存在时优先使用imagename
					 left top right bottom标识图片中的位置
					 color指定颜色(可以指字体颜色，或者用于其它能标识颜色的地方，主要看控件的实现)
					 fontname指定在该状态下使用的字体	-->
			<normal imagename="IGW_LegendOfMirWbCtrl" left="0" top="0" right="324" bottom="402" imagewell="(92, 39, 55, 15)"/>
		</skin>
		<skin name="btn_wbformclose_21x21" system="true" imagecenterdraw="false" imagestretchdraw="true">
			<normal imagename="IGW_LegendOfMirWbCtrl" left="324" top="0" right="345" bottom="21"/>
			<press imagename="IGW_LegendOfMirWbCtrl" left="345" top="0" right="366" bottom="21"/>
			<hover imagename="IGW_LegendOfMirWbCtrl" left="366" top="0" right="387" bottom="21"/>
			<disabled imagename="IGW_LegendOfMirWbCtrl" left="387" top="0" right="408" bottom="21"/>
		</skin>
  		<skin name="bg_LegendOfMirWBFocusTitle" system="true" imagecenterdraw="false" imagestretchdraw="true">
			<normal imagename="IGW_LegendOfMirWbCtrl" left="0" top="402" right="324" bottom="441" imagewell="(92, 2, 55, 2)"/>
		</skin>
		<skin name="btn_wbnormalhelp_21x21" system="true" imagecenterdraw="false" imagestretchdraw="false">
			<normal imagename="IGW_LegendOfMirWbCtrl" left="324" top="21" right="345" bottom="42"/>
			<press imagename="IGW_LegendOfMirWbCtrl" left="345" top="21" right="366" bottom="42"/>
			<hover imagename="IGW_LegendOfMirWbCtrl" left="366" top="21" right="387" bottom="42"/>
			<disabled imagename="IGW_LegendOfMirWbCtrl" left="387" top="21" right="408" bottom="42"/>
		</skin>
		<skin name="btn_wbnormalJiang_21x21" system="true" imagecenterdraw="false" imagestretchdraw="false">
			<normal imagename="IGW_LegendOfMirWbCtrl" left="324" top="42" right="345" bottom="63"/>
			<press imagename="IGW_LegendOfMirWbCtrl" left="345" top="42" right="366" bottom="63"/>
			<hover imagename="IGW_LegendOfMirWbCtrl" left="366" top="42" right="387" bottom="63"/>
			<disabled imagename="IGW_LegendOfMirWbCtrl" left="387" top="42" right="408" bottom="63"/>
		</skin>
		<skin name="btn_wbformPageUp_30x15" system="true" imagecenterdraw="false" imagestretchdraw="true">
			<normal imagename="IGW_LegendOfMirWbCtrl" left="0" top="441" right="30" bottom="456"/>
			<hover imagename="IGW_LegendOfMirWbCtrl" left="30" top="441" right="60" bottom="456"/>
			<press imagename="IGW_LegendOfMirWbCtrl" left="60" top="441" right="90" bottom="456"/>
			<disabled imagename="IGW_LegendOfMirWbCtrl" left="90" top="441" right="120" bottom="456"/>
		</skin>
		<skin name="btn_wbformPageDown_30x15" system="true" imagecenterdraw="false" imagestretchdraw="true">
			<normal imagename="IGW_LegendOfMirWbCtrl" left="120" top="441" right="150" bottom="456"/>
			<hover imagename="IGW_LegendOfMirWbCtrl" left="150" top="441" right="180" bottom="456"/>
			<press imagename="IGW_LegendOfMirWbCtrl" left="180" top="441" right="210" bottom="456"/>
			<disabled imagename="IGW_LegendOfMirWbCtrl" left="210" top="441" right="240" bottom="456"/>
		</skin>
		<!-- 在formbar中 头、中、尾分别为 sdtHover, sdtPress, sdtFocused -->
		<skin name="bg_wbformsideline" system="true" imagecenterdraw="false" imagestretchdraw="true">
			<hover imagename="IGW_LegendOfMirWbCtrl" left="324" top="63" right="361" bottom="92"/>
			<press imagename="IGW_LegendOfMirWbCtrl" left="324" top="92" right="361" bottom="136"/>
			<focused imagename="IGW_LegendOfMirWbCtrl" left="324" top="136" right="361" bottom="163"/>
		</skin>
		<skin name="btn_wbformmini_21x21" system="true" imagecenterdraw="false" imagestretchdraw="true">
			<normal imagename="IGW_LegendOfMirWbCtrl" left="408" top="0" right="429" bottom="21"/>
			<press imagename="IGW_LegendOfMirWbCtrl" left="429" top="0" right="450" bottom="21"/>
			<hover imagename="IGW_LegendOfMirWbCtrl" left="450" top="0" right="471" bottom="21"/>
			<disabled imagename="IGW_LegendOfMirWbCtrl" left="471" top="0" right="492" bottom="21"/>
		</skin>
	</widgetskins>
</widget>
