<?xml version="1.0" encoding="utf-8"?>
<widget>
	<!-- namespace标签有则为整个描述文件中的name、fontname、imagename等名称指定加上名称前辍
			例如:namespace是"igwskin"，则所有定义的名称都为"igwskin." + 定义的名称，下面定义的图片就为"igwskin.IGW_Controls"
			名称空间可以为空，但如果没有该标签则名称空间默认为该文件的全路径例如："c:\IGW.DefaultSkin.xml."
	 -->
	<namespace></namespace>
	<!-- widgetskinsresource是定义Skin用到的资源包括图片，字体，颜色等，解析时被优先于widgetskins处理 -->
	<widgetskinsresource>
		<images>
			<!-- 注意图片名称全局使用的 system="true" 则没有使用仍然不释放，为false时超过5秒不使用则自动释放 -->			
			<image name="IGW_LegendOfMirControls" src="..\Images\IGW_LegendofMirSkin.png" system="true"/>
			<image name="IGW_WidgetStatusImg" src="..\..\Images\IGW_WidgetStatusSkin.png" system="true"/>
		</images>
		<fonts>
			<!-- 注意字体名称全局使用的 -->
			<font name="normalyouyan" family="幼圆" size="16" bold="False" italic="True" underLine="False" system="False"/> 
			<font name="Normal" family="宋体" size="9" bold="False" italic="False" underLine="False" system="true"/>
			<font name="NormalUnderLine" family="宋体" size="9" bold="False" italic="False" underLine="True" system="true"/>
			<font name="NormalBig" family="宋体" size="16" bold="False" italic="False" underLine="False" system="False"/>
			<font name="NormalLabelNormal" family="宋体" size="16" bold="False" italic="False" underLine="False" system="False"/>
			<font name="NormalLabelhover" family="宋体" size="16" bold="False" italic="False" underLine="True" system="False"/>
			<font name="NormalLabelPress" family="宋体" size="16" bold="False" italic="True" underLine="True" system="False"/>
			<font name="CaptionFont" family="宋体" size="9" bold="True" italic="False" underLine="False" system="true"/>
			<font name="VerFont" family="Tahoma" size="9" bold="False" italic="False" underLine="False" system="true"/>
		</fonts>
		
		<!-- skincolors比较特殊是一组配色方案 -->
		<skincolors>
			<skincolor name="">			
			</skincolor>
		</skincolors>
		<!-- cursors指定按光标类型指定图片 -->
		<cursors>
		  <!-- 确保在skinname中指定的图片在widgetskins中有定义，这里是做个名称映射，使整个控件体系只需要按光标类型响应而不用关心具体的skin -->
			<normalcursor skinname="cursor02_16x22" />
			<dragcursor skinname="cursor_hand_drag" />
			<editcursor skinname="" />
		</cursors>
	</widgetskinsresource>
	<!-- widgetskins中的system为真标识该skin文件只会被加载一次不允许重复加载 -->
	<widgetskins system="true">
		<!-- 注意全部都小写，且一套skin用到的图片尽可能集中到少量的纹理中必须过多的纹理导致的浪费 -->	
		<!-- name是指定的skin名称 system表示是否为系统级的（系统级的不会因为不使用而被删除） imagecenterdraw居中绘制 image自stretchdraw自动缩放绘制 -->	 
		<skin name="floatbtn_set" system="true" imagecenterdraw="false" imagestretchdraw="false">
			<!-- imagename为在Images中可获取的图片名称 如果不指定imagename可以使用src来直接指定文件路径，两标记都存在时优先使用imagename
					 left top right bottom标识图片中的位置
					 color指定颜色(可以指字体颜色，或者用于其它能标识颜色的地方，主要看控件的实现)
					 fontname指定在该状态下使用的字体	-->
			<normal imagename="IGW_LegendOfMirControls" left="383" top="558" right="397" bottom="572"/>
			<press imagename="IGW_LegendOfMirControls" left="397" top="558" right="411" bottom="572"/>
			<hover imagename="IGW_LegendOfMirControls" left="411" top="558" right="425" bottom="572"/>
			<disabled imagename="IGW_LegendOfMirControls" left="425" top="558" right="439" bottom="572"/>
		</skin>
		<skin name="floatbtn_close" system="true" imagecenterdraw="false" imagestretchdraw="false">
			<normal imagename="IGW_LegendOfMirControls" left="439" top="558" right="453" bottom="572"/>
			<press imagename="IGW_LegendOfMirControls" left="453" top="558" right="467" bottom="572"/>
			<hover imagename="IGW_LegendOfMirControls" left="467" top="558" right="481" bottom="572"/>
			<disabled imagename="IGW_LegendOfMirControls" left="481" top="558" right="495" bottom="572"/>
		</skin>
		<skin name="floatbtn_drag" system="true" imagecenterdraw="false" imagestretchdraw="false">
			<normal imagename="IGW_LegendOfMirControls" left="495" top="558" right="509" bottom="572"/>
			<disabled imagename="IGW_LegendOfMirControls" left="509" top="558" right="523" bottom="572"/>
		</skin>
		<skin name="cursor02_16x22" system="true" imagecenterdraw="false" imagestretchdraw="false">
			<normal imagename="IGW_LegendOfMirControls" left="231" top="575" right="247" bottom="597"/>	
			<press imagename="IGW_LegendOfMirControls" left="247" top="575" right="263" bottom="597"/>	
		</skin>
		<skin name="cursor_hand_normal" system="true" imagecenterdraw="false" imagestretchdraw="false">
			<normal imagename="IGW_LegendOfMirControls" left="183" top="575" right="207" bottom="599"/>	
		</skin>
		<skin name="cursor_hand_drag" system="true" imagecenterdraw="false" imagestretchdraw="false">
			<normal imagename="IGW_LegendOfMirControls" left="207" top="575" right="231" bottom="599"/>	
		</skin>
		<skin name="bg_igwmanagerdialog" system="true" imagecenterdraw="false" imagestretchdraw="true">
			<normal imagename="IGW_LegendOfMirControls" left="0" top="0" right="555" bottom="477"/>
		</skin>
		<skin name="bg_igwselectbarsicon" system="true" imagecenterdraw="false" imagestretchdraw="true">
			<normal fontname="Normal" color="#FFCCB194"/>	
			<press fontname="Normal" color="#FFCCB194"/>	
			<focused imagename="IGW_LegendOfMirControls" left="555" top="0" right="658" bottom="144"  fontname="Normal" color="#FFFFDDB9"/>
			<hover imagename="IGW_LegendOfMirControls" left="555" top="0" right="658" bottom="144"  fontname="Normal" color="#FFFFDDB9"/>
			<disabled fontname="Normal" color="#FFCCB194"/>	
		</skin>
		<skin name="bg_igwselectbarsiconSelect" system="true" imagecenterdraw="false" imagestretchdraw="true">
			<normal imagename="IGW_LegendOfMirControls" left="555" top="0" right="658" bottom="144"  fontname="Normal" color="#FFFFDDB9"/>	
			<press fontname="Normal" color="#FFCCB194"/>	
			<focused imagename="IGW_LegendOfMirControls" left="555" top="0" right="658" bottom="144"  fontname="Normal" color="#FFFFDDB9"/>
			<hover imagename="IGW_LegendOfMirControls" left="555" top="0" right="658" bottom="144"  fontname="Normal" color="#FFFFDDB9"/>
			<disabled fontname="Normal" color="#FFCCB194"/>	
		</skin>
		<skin name="bg_igwbarsicon" system="true" imagecenterdraw="false" imagestretchdraw="false">
			<normal imagename="IGW_LegendOfMirControls" left="555" top="144" right="643" bottom="229"/>
		</skin>
		<skin name="btn_barsdownload_68x25" system="true" imagecenterdraw="false" imagestretchdraw="false">
			<normal imagename="IGW_LegendOfMirControls" left="0" top="477" right="68" bottom="502"/>
			<press imagename="IGW_LegendOfMirControls" left="68" top="477" right="136" bottom="502"/>
			<hover imagename="IGW_LegendOfMirControls" left="136" top="477" right="204" bottom="502"/>
			<disabled imagename="IGW_LegendOfMirControls" left="204" top="477" right="272" bottom="502"/>
		</skin>
		<skin name="btn_barsadd_68x25" system="true" imagecenterdraw="false" imagestretchdraw="false">
			<normal imagename="IGW_LegendOfMirControls" left="0" top="502" right="68" bottom="527"/>
			<press imagename="IGW_LegendOfMirControls" left="68" top="502" right="136" bottom="527"/>
			<hover imagename="IGW_LegendOfMirControls" left="136" top="502" right="204" bottom="527"/>
			<disabled imagename="IGW_LegendOfMirControls" left="204" top="502" right="272" bottom="527"/>
		</skin>
		<skin name="btn_barsnormal_68x25" system="true" imagecenterdraw="false" imagestretchdraw="true">
			<normal imagename="IGW_LegendOfMirControls" left="0" top="527" right="68" bottom="552"      imagewell="(5, 6, 7, 6)"/>
			<press imagename="IGW_LegendOfMirControls" left="68" top="527" right="136" bottom="552"     imagewell="(5, 6, 7, 6)"/>
			<hover imagename="IGW_LegendOfMirControls" left="136" top="527" right="204" bottom="552"    imagewell="(5, 6, 7, 6)"/>
			<disabled imagename="IGW_LegendOfMirControls" left="204" top="527" right="272" bottom="552" imagewell="(5, 6, 7, 6)"/>
		</skin>
		<skin name="btn_formclose_26x26" system="true" imagecenterdraw="false" imagestretchdraw="true">
			<normal imagename="IGW_LegendOfMirControls" left="0" top="552" right="26" bottom="578"/>
			<press imagename="IGW_LegendOfMirControls" left="26" top="552" right="52" bottom="578"/>
			<hover imagename="IGW_LegendOfMirControls" left="52" top="552" right="78" bottom="578"/>
			<disabled imagename="IGW_LegendOfMirControls" left="78" top="552" right="104" bottom="578"/>
		</skin>
		<skin name="btn_formpageleft_16x17" system="true" imagecenterdraw="false" imagestretchdraw="true">
			<normal imagename="IGW_LegendOfMirControls" left="104" top="552" right="120" bottom="569"/>
			<press imagename="IGW_LegendOfMirControls" left="120" top="552" right="136" bottom="569"/>
			<hover imagename="IGW_LegendOfMirControls" left="136" top="552" right="152" bottom="569"/>
			<disabled imagename="IGW_LegendOfMirControls" left="152" top="552" right="168" bottom="569"/>
		</skin>
		<skin name="btn_formpageright_16x17" system="true" imagecenterdraw="false" imagestretchdraw="true">
			<normal imagename="IGW_LegendOfMirControls" left="168" top="552" right="184" bottom="569"/>
			<press imagename="IGW_LegendOfMirControls" left="184" top="552" right="200" bottom="569"/>
			<hover imagename="IGW_LegendOfMirControls" left="200" top="552" right="216" bottom="569"/>
			<disabled imagename="IGW_LegendOfMirControls" left="216" top="552" right="232" bottom="569"/>
		</skin>
		<!-- 在formbar中 头、中、尾分别为 sdtHover, sdtPress, sdtFocused -->
		<skin name="bg_igwbarsvertical" system="true" imagecenterdraw="false" imagestretchdraw="true">
			<hover imagename="IGW_LegendOfMirControls" left="555" top="229" right="598" bottom="260"/>
			<press imagename="IGW_LegendOfMirControls" left="555" top="260" right="598" bottom="300"/>
			<focused imagename="IGW_LegendOfMirControls" left="555" top="300" right="598" bottom="351"/>
		</skin>
		<skin name="bg_igwbarsvertical_mirror" system="true" imagecenterdraw="false" imagestretchdraw="true">
			<hover imagename="IGW_LegendOfMirControls" left="555" top="351" right="598" bottom="402"/>
			<press imagename="IGW_LegendOfMirControls" left="555" top="402" right="598" bottom="442"/>
			<focused imagename="IGW_LegendOfMirControls" left="555" top="442" right="598" bottom="473"/>
		</skin>		
		<skin name="bg_igwStartLogo43x40" system="true" imagecenterdraw="false" imagestretchdraw="true">
			<normal imagename="IGW_LegendOfMirControls" left="383" top="477" right="426" bottom="517"/>
			<apress imagename="IGW_LegendOfMirControls" left="426" top="477" right="469" bottom="517"/>
			<ahover imagename="IGW_LegendOfMirControls" left="469" top="477" right="512" bottom="517"/>
			<adisabled imagename="IGW_LegendOfMirControls" left="512" top="477" right="555" bottom="517"/>
		</skin>
		<skin name="bg_igwStartLogo43x40_mirror" system="true" imagecenterdraw="false" imagestretchdraw="true">
			<normal imagename="IGW_LegendOfMirControls" left="0" top="621" right="43" bottom="661"/>
			<apress imagename="IGW_LegendOfMirControls" left="43" top="621" right="86" bottom="661"/>
			<ahover imagename="IGW_LegendOfMirControls" left="86" top="621" right="129" bottom="661"/>
			<adisabled imagename="IGW_LegendOfMirControls" left="129" top="621" right="172" bottom="661"/>			
		</skin>
		<skin name="bg_igwStartOOLogoZ_37x24" system="true" imagecenterdraw="false" imagestretchdraw="true">
			<normal imagename="IGW_LegendOfMirControls" left="172" top="645" right="209" bottom="669"/>
			<press imagename="IGW_LegendOfMirControls" left="209" top="645" right="246" bottom="669"/>
			<hover imagename="IGW_LegendOfMirControls" left="246" top="645" right="283" bottom="669"/>
			<disabled imagename="IGW_LegendOfMirControls" left="283" top="645" right="320" bottom="669"/>
		</skin>
		<skin name="bg_igwStartOOLogoF_37x24" system="true" imagecenterdraw="false" imagestretchdraw="true">
			<normal imagename="IGW_LegendOfMirControls" left="172" top="621" right="209" bottom="645"/>
			<press imagename="IGW_LegendOfMirControls" left="209" top="621" right="246" bottom="645"/>
			<hover imagename="IGW_LegendOfMirControls" left="246" top="621" right="283" bottom="645"/>
			<disabled imagename="IGW_LegendOfMirControls" left="283" top="621" right="320" bottom="645"/>			
		</skin>

		
		<skin name="btn_barsadd_12x16" system="true" imagecenterdraw="false" imagestretchdraw="false">
			<normal imagename="IGW_LegendOfMirControls" left="383" top="517" right="395" bottom="533"/>
			<press imagename="IGW_LegendOfMirControls" left="395" top="517" right="407" bottom="533"/>
			<hover imagename="IGW_LegendOfMirControls" left="407" top="517" right="419" bottom="533"/>
			<disabled imagename="IGW_LegendOfMirControls" left="419" top="517" right="431" bottom="533"/>
		</skin>
		<skin name="btn_barsset_13x16" system="true" imagecenterdraw="false" imagestretchdraw="false">
			<normal imagename="IGW_LegendOfMirControls" left="431" top="517" right="444" bottom="533"/>
			<press imagename="IGW_LegendOfMirControls" left="444" top="517" right="457" bottom="533"/>
			<hover imagename="IGW_LegendOfMirControls" left="457" top="517" right="470" bottom="533"/>
			<disabled imagename="IGW_LegendOfMirControls" left="470" top="517" right="483" bottom="533"/>
		</skin>
		<skin name="btn_barsmsg_15x16" system="true" imagecenterdraw="false" imagestretchdraw="false">
			<normal imagename="IGW_LegendOfMirControls" left="483" top="517" right="498" bottom="533"/>
			<press imagename="IGW_LegendOfMirControls" left="498" top="517" right="513" bottom="533"/>
			<hover imagename="IGW_LegendOfMirControls" left="513" top="517" right="528" bottom="533"/>
			<disabled imagename="IGW_LegendOfMirControls" left="528" top="517" right="543" bottom="533"/>
		</skin>
		
		<skin name="btn_barspageup_12x10" system="true" imagecenterdraw="false" imagestretchdraw="false">
			<normal imagename="IGW_LegendOfMirControls" left="383" top="533" right="395" bottom="543"/>
			<press imagename="IGW_LegendOfMirControls" left="395" top="533" right="407" bottom="543"/>
			<hover imagename="IGW_LegendOfMirControls" left="407" top="533" right="419" bottom="543"/>
			<disabled imagename="IGW_LegendOfMirControls" left="419" top="533" right="431" bottom="543"/>
		</skin>
		<skin name="btn_barspagedown_12x10" system="true" imagecenterdraw="false" imagestretchdraw="false">
			<normal imagename="IGW_LegendOfMirControls" left="431" top="533" right="443" bottom="543"/>
			<press imagename="IGW_LegendOfMirControls" left="443" top="533" right="455" bottom="543"/>
			<hover imagename="IGW_LegendOfMirControls" left="455" top="533" right="467" bottom="543"/>
			<disabled imagename="IGW_LegendOfMirControls" left="467" top="533" right="479" bottom="543"/>
		</skin>
		<skin name="btn_barsresize_26x8" system="true" imagecenterdraw="false" imagestretchdraw="false">
			<normal imagename="IGW_LegendOfMirControls" left="479" top="533" right="505" bottom="541"/>
			<hover imagename="IGW_LegendOfMirControls" left="505" top="533" right="531" bottom="541"/>
		</skin>
		
		<skin name="bg_igwicon47x47white" system="true" imagecenterdraw="false" imagestretchdraw="true">
			<normal imagename="IGW_LegendOfMirControls" left="598" top="229" right="645" bottom="276"/>
		</skin>
		<skin name="bg_igwicon47x47aqua" system="true" imagecenterdraw="false" imagestretchdraw="true">
			<normal imagename="IGW_LegendOfMirControls" left="598" top="276" right="645" bottom="323"/>
		</skin>
		<skin name="bg_igwicon47x47green" system="true" imagecenterdraw="false" imagestretchdraw="true">
			<normal imagename="IGW_LegendOfMirControls" left="598" top="323" right="645" bottom="370"/>
		</skin>
		<skin name="bg_igwicon47x47cream" system="true" imagecenterdraw="false" imagestretchdraw="true">
			<normal imagename="IGW_LegendOfMirControls" left="598" top="370" right="645" bottom="417"/>
		</skin>
		<skin name="bg_igwicon47x47red" system="true" imagecenterdraw="false" imagestretchdraw="true">
			<normal imagename="IGW_LegendOfMirControls" left="598" top="417" right="645" bottom="464"/>
		</skin>
		<skin name="bg_igwiconStatus47x47" system="true" imagecenterdraw="false" imagestretchdraw="true">
			<press imagename="IGW_LegendOfMirControls" left="598" top="229" right="645" bottom="276"/>
			<focused imagename="IGW_LegendOfMirControls" left="598" top="323" right="645" bottom="370"/>
		</skin>
		<skin name="bg_igwsetdialog" system="true" imagecenterdraw="false" imagestretchdraw="true">
			<!-- 注意imagewell用于标识该图片按照九宫格的方式缩放（左上角宽度，左上角高度，右下角宽度，右下角高度） -->
			<normal imagename="IGW_LegendOfMirControls" left="658" top="0" right="927" bottom="319" imagewell="(56, 35, 46, 48)"/>
		</skin>
		<skin name="bg_igwSetFormlblsoundCaption" system="true" imagecenterdraw="false" imagestretchdraw="true">
			<normal imagename="IGW_LegendOfMirControls" left="695" top="90" right="860" bottom="106"/>
		</skin>		
		<skin name="bg_igwiePopupForm268x170" system="true" imagecenterdraw="false" imagestretchdraw="true">						
			<normal imagename="IGW_LegendOfMirControls" left="658" top="319" right="926" bottom="489" imagewell="(42, 29, 42, 10)"/>			
		</skin>
		<skin name="bg_igwNormalTab" system="true" imagecenterdraw="false" imagestretchdraw="false">
			<disabled imagename="IGW_LegendOfMirControls" left="0" top="578" right="61" bottom="599" fontname="Normal" color="#FFFFDDB9" />
			<normal imagename="IGW_LegendOfMirControls" left="61" top="578" right="122" bottom="599" fontname="Normal" color="#FFCCB194"/>
			<hover imagename="IGW_LegendOfMirControls" left="122" top="578" right="183" bottom="599" fontname="Normal" color="#FFCCB194"/>
		</skin>
		<skin name="bg_igwNormalTabBottomLine" system="true" imagecenterdraw="false" imagestretchdraw="true">
			<normal imagename="IGW_LegendOfMirControls" left="0" top="599" right="219" bottom="621"/>
		</skin>
		<skin name="checkbox_unchecked_13x13" system="true" imagecenterdraw="false" imagestretchdraw="false">
			<normal imagename="IGW_LegendOfMirControls" left="304" top="497" right="317" bottom="510"/>	
			<hover imagename="IGW_LegendOfMirControls" left="317" top="497" right="330" bottom="510"/>	
		</skin>
		<skin name="checkbox_checked_13x13" system="true" imagecenterdraw="false" imagestretchdraw="false">
			<hover imagename="IGW_LegendOfMirControls" left="330" top="497" right="343" bottom="510"/>	
			<normal imagename="IGW_LegendOfMirControls" left="343" top="497" right="356" bottom="510"/>			
		</skin>
		<skin name="Radio_unchecked_13x13" system="true" imagecenterdraw="false" imagestretchdraw="false">
			<normal imagename="IGW_LegendOfMirControls" left="329" top="510" right="342" bottom="523"/>
			<hover imagename="IGW_LegendOfMirControls" left="342" top="510" right="355" bottom="523"/>
		</skin>
		<skin name="Radio_checked_13x13" system="true" imagecenterdraw="false" imagestretchdraw="false">
			<normal imagename="IGW_LegendOfMirControls" left="355" top="510" right="368" bottom="523"/>
			<hover imagename="IGW_LegendOfMirControls" left="368" top="510" right="381" bottom="523"/>
		</skin>
		<skin name="btn_sliderstaff_111x5" system="true" imagecenterdraw="false" imagestretchdraw="true">
			<normal imagename="IGW_LegendOfMirControls" left="272" top="477" right="383" bottom="482" imagewell="(3, 1, 3, 1)"/>
			<press imagename="IGW_LegendOfMirControls" left="272" top="482" right="383" bottom="487" imagewell="(3, 1, 3, 1)"/>
			<hover imagename="IGW_LegendOfMirControls" left="272" top="487" right="383" bottom="492" imagewell="(3, 1, 3, 1)"/>
			<disabled imagename="IGW_LegendOfMirControls" left="272" top="492" right="383" bottom="497" imagewell="(3, 1, 3, 1)"/>
			<focused imagename="IGW_LegendOfMirControls" left="272" top="487" right="383" bottom="492" imagewell="(3, 1, 3, 1)"/>
		</skin>
		<skin name="btn_slider_8x13" system="true" imagecenterdraw="false" imagestretchdraw="true">
			<normal imagename="IGW_LegendOfMirControls" left="272" top="497" right="280" bottom="510" />			
			<press imagename="IGW_LegendOfMirControls" left="280" top="497" right="288" bottom="510" />
			<hover imagename="IGW_LegendOfMirControls" left="288" top="497" right="296" bottom="510" />
			<disabled imagename="IGW_LegendOfMirControls" left="296" top="497" right="304" bottom="510" />
			<focused imagename="IGW_LegendOfMirControls" left="288" top="497" right="296" bottom="510" />
		</skin>
		<skin name="btn_btncombox_15x15" system="true" imagecenterdraw="false" imagestretchdraw="true">
			<normal imagename="IGW_LegendOfMirControls" left="383" top="543" right="398" bottom="558" />			
			<press imagename="IGW_LegendOfMirControls" left="398" top="543" right="413" bottom="558" />
			<hover imagename="IGW_LegendOfMirControls" left="413" top="543" right="428" bottom="558" />
			<disabled imagename="IGW_LegendOfMirControls" left="428" top="543" right="443" bottom="558" />
		</skin>
		<skin name="btn_popupformclose_16x16" system="true" imagecenterdraw="false" imagestretchdraw="false">
			<normal imagename="IGW_LegendOfMirControls" left="383" top="572" right="399" bottom="588"/>
			<press imagename="IGW_LegendOfMirControls" left="399" top="572" right="415" bottom="588"/>
			<hover imagename="IGW_LegendOfMirControls" left="415" top="572" right="431" bottom="588"/>
			<disabled imagename="IGW_LegendOfMirControls" left="431" top="572" right="447" bottom="588"/>
		</skin>
		<skin name="bg_igwmenu" system="true" imagecenterdraw="false" imagestretchdraw="true">
			<normal imagename="IGW_LegendOfMirControls" left="531" top="533" right="552" bottom="554" imagewell="(7, 7, 7, 7)"/>
		</skin>
		<skin name="bg_igwmenuitem18x18" system="true" imagecenterdraw="false" imagestretchdraw="true">
			<normal fontname="Normal" color="#FFE5BF73"/>
			<hover imagename="IGW_LegendOfMirControls" left="552" top="533" right="554" bottom="549" fontname="Normal" color="#FF4D0000"/>
			<disabled  fontname="Normal" color="#FF808080"/>
		</skin>
		<skin name="lbl_normalurl" system="true" imagecenterdraw="false" imagestretchdraw="false">
			<normal   fontname="Normal" color="#FFFFFFFE"/>	
			<press    fontname="Normal" color="#FFFFFFFE"/>	
			<focused  fontname="Normal" color="#FF000000"/>
			<hover    fontname="NormalUnderLine" color="#FF919BC4"/>
			<disabled fontname="Normal" color="#FF808080"/>	
		</skin>
		<skin name="lbl_normalcomboxfonststyle" system="true" imagecenterdraw="false" imagestretchdraw="false">
			<normal   fontname="Normal" color="#FFCCB194"/>	
			<press    fontname="Normal" color="#FFCCB194"/>	
			<focused  fontname="Normal" color="#FFCCB194"/>
			<hover    fontname="Normal" color="#FFE5BC64"/>
			<disabled fontname="Normal" color="#FF808080"/>	
		</skin>
		<skin name="btn_normalhelp_21x21" system="true" imagecenterdraw="false" imagestretchdraw="false">
			<normal imagename="IGW_LegendOfMirControls" left="383" top="588" right="404" bottom="609"/>
			<press imagename="IGW_LegendOfMirControls" left="404" top="588" right="425" bottom="609"/>
			<hover imagename="IGW_LegendOfMirControls" left="425" top="588" right="446" bottom="609"/>
			<disabled imagename="IGW_LegendOfMirControls" left="446" top="588" right="467" bottom="609"/>
		</skin>
		<skin name="bg_igwHideStatus32x32" system="true" imagecenterdraw="false" imagestretchdraw="true">
			<normal imagename="IGW_LegendOfMirControls" left="272" top="566" right="304" bottom="598"/>
		</skin>
		<skin name="btn_WidgetSmallStatus" system="true" imagecenterdraw="false" imagestretchdraw="false">
			<normal imagename="IGW_WidgetStatusImg" left="0" top="22" right="20" bottom="31"/>
			<hover imagename="IGW_WidgetStatusImg" left="0" top="13" right="22" bottom="22"/>
			<press imagename="IGW_WidgetStatusImg" left="0" top="0" right="17" bottom="13"/>
		</skin>
		<skin name="btn_WidgetBigStatus" system="true" imagecenterdraw="false" imagestretchdraw="false">
			<normal imagename="IGW_WidgetStatusImg" left="52" top="0" right="97" bottom="20"/>
			<hover imagename="IGW_WidgetStatusImg" left="22" top="24" right="67" bottom="43"/>
			<press imagename="IGW_WidgetStatusImg" left="22" top="0" right="52" bottom="24"/>
		</skin>
		<skin name="floatbtn_comboxdown" system="true" imagecenterdraw="false" imagestretchdraw="false">
			<normal imagename="IGW_LegendOfMirControls" left="447" top="572" right="460" bottom="588"/>
			<press imagename="IGW_LegendOfMirControls" left="460" top="572" right="473" bottom="588"/>
			<hover imagename="IGW_LegendOfMirControls" left="473" top="572" right="486" bottom="588"/>
			<disabled imagename="IGW_LegendOfMirControls" left="486" top="572" right="499" bottom="588"/>
		</skin>

		<!-- 新的文字版TaskBar相关 -->
		<!-- 在formbar中 头、中、尾分别为 sdtHover, sdtPress, sdtFocused -->
		<skin name="bg_igwnewbarsvertical" system="true" imagecenterdraw="false" imagestretchdraw="true">
			<hover imagename="IGW_LegendOfMirControls" left="395" top="608" right="461" bottom="636"/>
			<press imagename="IGW_LegendOfMirControls" left="395" top="636" right="461" bottom="646"/>
			<focused imagename="IGW_LegendOfMirControls" left="395" top="646" right="461" bottom="687"/>
		</skin>
		<skin name="bg_igwnewbarsvertical_mirror" system="true" imagecenterdraw="false" imagestretchdraw="true">
			<hover imagename="IGW_LegendOfMirControls" left="329" top="642" right="395" bottom="682"/>
			<press imagename="IGW_LegendOfMirControls" left="329" top="682" right="395" bottom="692"/>
			<focused imagename="IGW_LegendOfMirControls" left="329" top="692" right="395" bottom="721"/>
		</skin>		
		<skin name="bg_igwnewStartLogo66x38_mirror" system="true" imagecenterdraw="false" imagestretchdraw="true">
			<normal imagename="IGW_LegendOfMirControls" left="329" top="721" right="395" bottom="759"/>
		</skin>
		<skin name="bg_igwnewStartLogo66x38" system="true" imagecenterdraw="false" imagestretchdraw="true">
			<normal imagename="IGW_LegendOfMirControls" left="395" top="721" right="461" bottom="759"/>
		</skin>
		<skin name="bg_igwNewStartOOLogo56x28" system="true" imagecenterdraw="false" imagestretchdraw="true">
			<normal imagename="IGW_LegendOfMirControls" left="334" top="724" right="390" bottom="752"/>
			<hover imagename="IGW_LegendOfMirControls" left="400" top="728" right="456" bottom="756"/>
			<press imagename="IGW_LegendOfMirControls" left="461" top="608" right="517" bottom="636"/>
			<disabled imagename="IGW_LegendOfMirControls" left="461" top="636" right="517" bottom="664"/>
		</skin>
		<skin name="bg_igwNewBarTopItemNormalbk53x22" system="true" imagecenterdraw="false" imagestretchdraw="false">
			<normal imagename="IGW_LegendOfMirControls" left="461" top="664" right="514" bottom="686"/>
			<hover imagename="IGW_LegendOfMirControls" left="461" top="686" right="514" bottom="708"/>
			<press imagename="IGW_LegendOfMirControls" left="461" top="708" right="514" bottom="730"/>
			<disabled imagename="IGW_LegendOfMirControls" left="461" top="730" right="514" bottom="752"/>
		</skin>
		<skin name="btn_barspagedown_16x16" system="true" imagecenterdraw="false" imagestretchdraw="false">
			<normal imagename="IGW_LegendOfMirControls" left="555" top="534" right="571" bottom="550"/>
			<hover imagename="IGW_LegendOfMirControls" left="571" top="534" right="587" bottom="550"/>
			<press imagename="IGW_LegendOfMirControls" left="587" top="534" right="603" bottom="550"/>
			<disabled imagename="IGW_LegendOfMirControls" left="603" top="534" right="619" bottom="550"/>
		</skin>
		<skin name="btn_barspageup_16x16" system="true" imagecenterdraw="false" imagestretchdraw="false">
			<normal imagename="IGW_LegendOfMirControls" left="555" top="550" right="571" bottom="566"/>
			<hover imagename="IGW_LegendOfMirControls" left="571" top="550" right="587" bottom="566"/>
			<press imagename="IGW_LegendOfMirControls" left="587" top="550" right="603" bottom="566"/>
			<disabled imagename="IGW_LegendOfMirControls" left="603" top="550" right="619" bottom="566"/>
		</skin>
		<skin name="btn_barcap_15x18" system="true" imagecenterdraw="false" imagestretchdraw="false">
			<normal imagename="IGW_LegendOfMirControls" left="619" top="534" right="634" bottom="552"/>
			<hover imagename="IGW_LegendOfMirControls" left="634" top="534" right="649" bottom="552"/>
			<press imagename="IGW_LegendOfMirControls" left="649" top="534" right="664" bottom="552"/>
			<disabled imagename="IGW_LegendOfMirControls" left="664" top="534" right="679" bottom="552"/>
		</skin>
		<skin name="btn_barDownMenu_15x18" system="true" imagecenterdraw="false" imagestretchdraw="false">
			<normal imagename="IGW_LegendOfMirControls" left="555" top="566" right="570" bottom="584"/>
			<hover imagename="IGW_LegendOfMirControls" left="570" top="566" right="585" bottom="584"/>
			<press imagename="IGW_LegendOfMirControls" left="585" top="566" right="600" bottom="584"/>
			<disabled imagename="IGW_LegendOfMirControls" left="600" top="566" right="615" bottom="584"/>
		</skin>		
		<skin name="btn_barMsg_15x18" system="true" imagecenterdraw="false" imagestretchdraw="false">
			<normal imagename="IGW_LegendOfMirControls" left="615" top="566" right="630" bottom="584"/>
			<hover imagename="IGW_LegendOfMirControls" left="630" top="566" right="645" bottom="584"/>
			<press imagename="IGW_LegendOfMirControls" left="645" top="566" right="660" bottom="584"/>
			<disabled imagename="IGW_LegendOfMirControls" left="660" top="566" right="675" bottom="584"/>
		</skin>
		
		<skin name="btn_barHelp_15x18" system="true" imagecenterdraw="false" imagestretchdraw="false">
			<normal imagename="IGW_LegendOfMirControls" left="555" top="584" right="570" bottom="602"/>
			<hover imagename="IGW_LegendOfMirControls" left="570" top="584" right="585" bottom="602"/>
			<press imagename="IGW_LegendOfMirControls" left="585" top="584" right="600" bottom="602"/>
			<disabled imagename="IGW_LegendOfMirControls" left="600" top="584" right="615" bottom="602"/>
		</skin>		
		<skin name="btn_barAdd_15x18" system="true" imagecenterdraw="false" imagestretchdraw="false">
			<normal imagename="IGW_LegendOfMirControls" left="615" top="584" right="630" bottom="602"/>
			<hover imagename="IGW_LegendOfMirControls" left="630" top="584" right="645" bottom="602"/>
			<press imagename="IGW_LegendOfMirControls" left="645" top="584" right="660" bottom="602"/>
			<disabled imagename="IGW_LegendOfMirControls" left="660" top="584" right="675" bottom="602"/>
		</skin>
		<skin name="btn_barvresize_66x17" system="true" imagecenterdraw="false" imagestretchdraw="false">
			<normal imagename="IGW_LegendOfMirControls" left="395" top="670" right="461" bottom="687"/>
			<hover imagename="IGW_LegendOfMirControls" left="395" top="670" right="461" bottom="704"/>
			<press imagename="IGW_LegendOfMirControls" left="395" top="704" right="461" bottom="721"/>
		</skin>
		<skin name="btn_barvresize_66x17_mirror" system="true" imagecenterdraw="false" imagestretchdraw="false">
			<normal imagename="IGW_LegendOfMirControls" left="329" top="642" right="395" bottom="659"/>
			<hover imagename="IGW_LegendOfMirControls" left="329" top="625" right="395" bottom="642"/>
			<press imagename="IGW_LegendOfMirControls" left="329" top="608" right="395" bottom="625"/>
		</skin>
		<skin name="bg_igwHideStatus" system="true" imagecenterdraw="false" imagestretchdraw="true">
			<normal imagename="IGW_LegendOfMirControls" left="0" top="674" right="21" bottom="695"/>
		</skin>
		<skin name="bg_igwnewSmallStartLogo43x30" system="true" imagecenterdraw="false" imagestretchdraw="true">
			<normal imagename="IGW_LegendOfMirControls" left="598" top="602" right="641" bottom="632"/>
		</skin>
		<skin name="bg_igwnewSmallStartLogo43x30_mirror" system="true" imagecenterdraw="false" imagestretchdraw="true">
			<normal imagename="IGW_LegendOfMirControls" left="555" top="602" right="598" bottom="632"/>
		</skin>
		<skin name="bg_igwNewSmallStartOOLogo33x16" system="true" imagecenterdraw="false" imagestretchdraw="true">
			<normal imagename="IGW_LegendOfMirControls" left="555" top="632" right="588" bottom="648"/>
			<hover imagename="IGW_LegendOfMirControls" left="588" top="632" right="621" bottom="648"/>
			<press imagename="IGW_LegendOfMirControls" left="621" top="632" right="654" bottom="648"/>
			<disabled imagename="IGW_LegendOfMirControls" left="654" top="632" right="687" bottom="648"/>
		</skin>		
	</widgetskins>
</widget>
