﻿<?xml version="1.0" encoding="utf-8"?>
<widget>
	<!-- namespace标签有则为整个描述文件中的name、fontname、imagename等名称指定加上名称前辍
			例如:namespace是"igwskin"，则所有定义的名称都为"igwskin." + 定义的名称，下面定义的图片就为"igwskin.IGW_Controls"
			名称空间可以为空，但如果没有该标签则名称空间默认为该文件的全路径例如："c:\IGW.DefaultSkin.xml."
	 -->
	<namespace></namespace>
	<!-- widgetskinsresource是定义Skin用到的资源包括图片，字体，颜色等，解析时被优先于widgetskins处理 -->
	<widgetskinsresource>
		<images>
			<!-- 注意图片名称全局使用的 system="true" 则没有使用仍然不释放，为false时超过5秒不使用则自动释放 -->			
			<image name="IGW_DefaultControls" src="..\Images\IGW_DefaultSkin.png" system="true"/>
			<image name="IGW_WidgetStatusImg" src="..\..\Images\IGW_WidgetStatusSkin.png" system="true"/>
		</images>
		<fonts>
			<!-- 注意字体名称全局使用的 -->
			<font name="normalyouyan" family="幼圆" size="16" bold="False" italic="True" underLine="False" system="False"/> 
			<font name="Normal" family="宋体" size="9" bold="False" italic="False" underLine="False" system="true"/>
			<font name="NormalUnderLine" family="宋体" size="9" bold="False" italic="False" underLine="True" system="true"/>
			<font name="NormalBig" family="宋体" size="16" bold="False" italic="False" underLine="False" system="False"/>
			<font name="NormalLabelNormal" family="宋体" size="16" bold="False" italic="False" underLine="False" system="False"/>
			<font name="NormalLabelhover" family="宋体" size="16" bold="False" italic="False" underLine="True" system="False"/>
			<font name="NormalLabelPress" family="宋体" size="16" bold="False" italic="True" underLine="True" system="False"/>
			<font name="CaptionFont" family="宋体" size="9" bold="True" italic="False" underLine="False" system="true"/>
			<font name="VerFont" family="Tahoma" size="9" bold="False" italic="False" underLine="False" system="true"/>
		</fonts>
		
		<!-- skincolors比较特殊是一组配色方案 -->
		<skincolors>
			<skincolor name="">			
			</skincolor>
		</skincolors>
		<!-- cursors指定按光标类型指定图片 -->
		<cursors>
		  <!-- 确保在skinname中指定的图片在widgetskins中有定义，这里是做个名称映射，使整个控件体系只需要按光标类型响应而不用关心具体的skin -->
			<normalcursor skinname="cursor02_16x22" />
			<dragcursor skinname="cursor_hand_drag" />
			<editcursor skinname="" />
		</cursors>
	</widgetskinsresource>
	<!-- widgetskins中的system为真标识该skin文件只会被加载一次不允许重复加载 -->
	<widgetskins system="true">
		<!-- 注意全部都小写，且一套skin用到的图片尽可能集中到少量的纹理中必须过多的纹理导致的浪费 -->	
		<!-- name是指定的skin名称 system表示是否为系统级的（系统级的不会因为不使用而被删除） imagecenterdraw居中绘制 image自stretchdraw自动缩放绘制 -->	 
		<skin name="floatbtn_close" system="true" imagecenterdraw="false" imagestretchdraw="false">
			<!-- imagename为在Images中可获取的图片名称 如果不指定imagename可以使用src来直接指定文件路径，两标记都存在时优先使用imagename
					 left top right bottom标识图片中的位置
					 color指定颜色(可以指字体颜色，或者用于其它能标识颜色的地方，主要看控件的实现)
					 fontname指定在该状态下使用的字体	-->
			<normal imagename="IGW_DefaultControls" left="348" top="524" right="362" bottom="538" color="#FFFF0000" fontname="NormalBig"/>
			<press imagename="IGW_DefaultControls" left="362" top="524" right="376" bottom="538"/>
			<hover imagename="IGW_DefaultControls" left="376" top="524" right="390" bottom="538"/>
			<!-- focused imagename="IGW_Controls" left="112" top="524" right="126" bottom="537" 浮动按钮没有焦点状态 -->
			<disabled imagename="IGW_DefaultControls" left="390" top="524" right="404" bottom="538"/>
		</skin>
		<skin name="floatbtn_set" system="true" imagecenterdraw="false" imagestretchdraw="false">
			<normal imagename="IGW_DefaultControls" left="292" top="524" right="306" bottom="538"/>
			<press imagename="IGW_DefaultControls" left="306" top="524" right="320" bottom="538"/>
			<hover imagename="IGW_DefaultControls" left="320" top="524" right="334" bottom="538"/>
			<!-- focused imagename="IGW_Controls" left="42" top="524" right="56" bottom="537"/ -->
			<disabled imagename="IGW_DefaultControls" left="334" top="524" right="348" bottom="538"/>
		</skin>
		<skin name="floatbtn_drag" system="true" imagecenterdraw="false" imagestretchdraw="false">
			<normal imagename="IGW_DefaultControls" left="418" top="524" right="432" bottom="538"/>
			<!-- press imagename="IGW_Controls" left="70" top="523" right="84" bottom="537" -->
			<!-- hover imagename="IGW_Controls" left="112" top="523" right="126" bottom="537" -->
			<!-- focused imagename="IGW_Controls" left="112" top="523" right="126" bottom="537" 浮动按钮没有焦点状态 -->
			<!-- disabled imagename="IGW_Controls" left="98" top="523" right="112" bottom="537" -->
		</skin>
		
		
		<skin name="bg_igwmanagerdialog" system="true" imagecenterdraw="false" imagestretchdraw="true">
			<normal imagename="IGW_DefaultControls" left="0" top="0" right="559" bottom="481"/>
		</skin>
		<skin name="bg_igwStartLogo" system="true" imagecenterdraw="false" imagestretchdraw="true">
			<normal imagename="IGW_DefaultControls" left="559" top="227" right="607" bottom="271"/>
		</skin>
		<skin name="btn_igwStartLogo" system="true" imagecenterdraw="false" imagestretchdraw="false">
			<normal imagename="IGW_DefaultControls" left="0" top="528" right="36" bottom="553"/>
			<press imagename="IGW_DefaultControls" left="36" top="528" right="72" bottom="553"/>
			<hover imagename="IGW_DefaultControls" left="72" top="528" right="108" bottom="553"/>
			<disabled imagename="IGW_DefaultControls" left="108" top="528" right="144" bottom="553"/>
		</skin>
		<skin name="floatbtn_igwset_12x14" system="true" imagecenterdraw="false" imagestretchdraw="false">
			<normal imagename="IGW_DefaultControls" left="0" top="503" right="12" bottom="516"/>
			<press imagename="IGW_DefaultControls" left="12" top="503" right="24" bottom="516"/>
			<hover imagename="IGW_DefaultControls" left="24" top="503" right="36" bottom="516"/>
			<disabled imagename="IGW_DefaultControls" left="36" top="503" right="48" bottom="516"/>
		</skin>
		<skin name="floatbtn_igwclose_12x14" system="true" imagecenterdraw="false" imagestretchdraw="false">
			<normal imagename="IGW_DefaultControls" left="48" top="503" right="60" bottom="516"/>
			<press imagename="IGW_DefaultControls" left="60" top="503" right="72" bottom="516"/>
			<hover imagename="IGW_DefaultControls" left="72" top="503" right="84" bottom="516"/>
			<disabled imagename="IGW_DefaultControls" left="84" top="503" right="96" bottom="516"/>
		</skin>
		<skin name="floatbtn_igwdrag_12x14" system="true" imagecenterdraw="false" imagestretchdraw="false">
			<normal imagename="IGW_DefaultControls" left="96" top="503" right="108" bottom="516"/>
			<press imagename="IGW_DefaultControls" left="108" top="503" right="120" bottom="516"/>
			<hover imagename="IGW_DefaultControls" left="120" top="503" right="132" bottom="516"/>
			<disabled imagename="IGW_DefaultControls" left="132" top="503" right="144" bottom="516"/>
		</skin>		
		<skin name="btn_barset_13x13" system="true" imagecenterdraw="false" imagestretchdraw="false">
			<normal imagename="IGW_DefaultControls" left="0" top="516" right="12" bottom="528"/>
			<press imagename="IGW_DefaultControls" left="12" top="516" right="24" bottom="528"/>
			<hover imagename="IGW_DefaultControls" left="24" top="516" right="36" bottom="528"/>
			<disabled imagename="IGW_DefaultControls" left="36" top="516" right="48" bottom="528"/>
		</skin>
		<skin name="btn_barsearch_13x13" system="true" imagecenterdraw="false" imagestretchdraw="false">
			<normal imagename="IGW_DefaultControls" left="48" top="516" right="60" bottom="528"/>
			<press imagename="IGW_DefaultControls" left="60" top="516" right="72" bottom="528"/>
			<hover imagename="IGW_DefaultControls" left="72" top="516" right="84" bottom="528"/>
			<disabled imagename="IGW_DefaultControls" left="84" top="516" right="96" bottom="528"/>
		</skin>
		<skin name="btn_baradd_13x13" system="true" imagecenterdraw="false" imagestretchdraw="false">
			<normal imagename="IGW_DefaultControls" left="511" top="503" right="523" bottom="515"/>
			<press imagename="IGW_DefaultControls" left="523" top="503" right="535" bottom="515"/>
			<hover imagename="IGW_DefaultControls" left="535" top="503" right="547" bottom="515"/>
			<disabled imagename="IGW_DefaultControls" left="547" top="503" right="559" bottom="515"/>
		</skin>
		<skin name="btn_barmsg_13x13" system="true" imagecenterdraw="false" imagestretchdraw="false">
			<normal imagename="IGW_DefaultControls" left="559" top="503" right="571" bottom="515"/>
			<press imagename="IGW_DefaultControls" left="571" top="503" right="583" bottom="515"/>
			<hover imagename="IGW_DefaultControls" left="583" top="503" right="595" bottom="515"/>
			<disabled imagename="IGW_DefaultControls" left="595" top="503" right="607" bottom="515"/>
		</skin>		
		<skin name="btn_barclose_13x13" system="true" imagecenterdraw="false" imagestretchdraw="false">
			<normal imagename="IGW_DefaultControls" left="96" top="516" right="108" bottom="528"/>
			<press imagename="IGW_DefaultControls" left="108" top="516" right="120" bottom="528"/>
			<hover imagename="IGW_DefaultControls" left="120" top="516" right="132" bottom="528"/>
			<disabled imagename="IGW_DefaultControls" left="132" top="516" right="144" bottom="528"/>
		</skin>
		<skin name="btn_bigclose_17x17" system="true" imagecenterdraw="false" imagestretchdraw="false">
			<normal imagename="IGW_DefaultControls" left="224" top="524" right="241" bottom="541"/>
			<press imagename="IGW_DefaultControls" left="241" top="524" right="258" bottom="541"/>
			<hover imagename="IGW_DefaultControls" left="258" top="524" right="275" bottom="541"/>
			<disabled imagename="IGW_DefaultControls" left="275" top="524" right="292" bottom="541"/>
		</skin>
		
		<skin name="btn_barpageup_13x13" system="true" imagecenterdraw="false" imagestretchdraw="false">
			<normal imagename="IGW_DefaultControls" left="0" top="553" right="13" bottom="565"/>
			<press imagename="IGW_DefaultControls" left="13" top="553" right="26" bottom="565"/>
			<hover imagename="IGW_DefaultControls" left="26" top="553" right="39" bottom="565"/>
			<disabled imagename="IGW_DefaultControls" left="39" top="553" right="52" bottom="565"/>
		</skin>
		<skin name="btn_barpagedown_13x13" system="true" imagecenterdraw="false" imagestretchdraw="false">
			<normal imagename="IGW_DefaultControls" left="52" top="553" right="65" bottom="565"/>
			<press imagename="IGW_DefaultControls" left="65" top="553" right="78" bottom="565"/>
			<hover imagename="IGW_DefaultControls" left="78" top="553" right="91" bottom="565"/>
			<disabled imagename="IGW_DefaultControls" left="91" top="553" right="104" bottom="565"/>
		</skin>
		<skin name="btn_barpageleft_16x16" system="true" imagecenterdraw="false" imagestretchdraw="false">
			<normal imagename="IGW_DefaultControls" left="144" top="596" right="160" bottom="612"/>
			<hover imagename="IGW_DefaultControls" left="160" top="596" right="176" bottom="612"/>
			<press imagename="IGW_DefaultControls" left="176" top="596" right="192" bottom="612"/>			
			<disabled imagename="IGW_DefaultControls" left="192" top="596" right="208" bottom="612"/>
		</skin>
		<skin name="btn_barpageright_16x16" system="true" imagecenterdraw="false" imagestretchdraw="false">
			<normal imagename="IGW_DefaultControls" left="208" top="596" right="224" bottom="612"/>
			<hover imagename="IGW_DefaultControls" left="224" top="596" right="240" bottom="612"/>
			<press imagename="IGW_DefaultControls" left="240" top="596" right="256" bottom="612"/>			
			<disabled imagename="IGW_DefaultControls" left="256" top="596" right="272" bottom="612"/>
		</skin>
		
		<skin name="btn_barvresize_24x6" system="true" imagecenterdraw="false" imagestretchdraw="false">
			<normal imagename="IGW_DefaultControls" left="0" top="565" right="24" bottom="571"/>
			<press imagename="IGW_DefaultControls" left="24" top="565" right="48" bottom="571"/>
			<hover imagename="IGW_DefaultControls" left="48" top="565" right="72" bottom="571"/>
		</skin>
		<skin name="btn_barsadd_76x22" system="true" imagecenterdraw="false" imagestretchdraw="false">
			<normal imagename="IGW_DefaultControls" left="0" top="481" right="76" bottom="503"/>
			<press imagename="IGW_DefaultControls" left="76" top="481" right="152" bottom="503"/>
			<hover imagename="IGW_DefaultControls" left="152" top="481" right="228" bottom="503"/>
			<disabled imagename="IGW_DefaultControls" left="228" top="481" right="304" bottom="503"/>
		</skin>
		<skin name="btn_barsdownload_76x22" system="true" imagecenterdraw="false" imagestretchdraw="false">
			<normal imagename="IGW_DefaultControls" left="304" top="481" right="380" bottom="503"/>
			<press imagename="IGW_DefaultControls" left="380" top="481" right="456" bottom="503"/>
			<hover imagename="IGW_DefaultControls" left="456" top="481" right="532" bottom="503"/>
			<disabled imagename="IGW_DefaultControls" left="532" top="481" right="608" bottom="503"/>
		</skin>
		<skin name="bg_igwbarsicon" system="true" imagecenterdraw="false" imagestretchdraw="true">
			<normal imagename="IGW_DefaultControls" left="559" top="0" right="640" bottom="78"/>
		</skin>
		<skin name="bg_igwselectbarsicon" system="true" imagecenterdraw="false" imagestretchdraw="true">
			<normal fontname="Normal" color="#FFFFFFFE"/>	
			<press fontname="Normal" color="#FFFFFFFE"/>	
			<focused imagename="IGW_DefaultControls" left="559" top="78" right="670" bottom="227"  fontname="Normal" color="#FF000000"/>
			<hover imagename="IGW_DefaultControls" left="559" top="78" right="670" bottom="227"  fontname="Normal" color="#FF000000"/>
			<disabled fontname="Normal" color="#FFFFFFFE"/>	
		</skin>
		<skin name="bg_igwselectbarsiconSelect" system="true" imagecenterdraw="false" imagestretchdraw="true">
			<normal imagename="IGW_DefaultControls" left="559" top="78" right="670" bottom="227" fontname="Normal" color="#FF000000"/>
			<press fontname="Normal" color="#FFFFFFFE"/>	
			<focused imagename="IGW_DefaultControls" left="559" top="78" right="670" bottom="227" fontname="Normal" color="#FF000000"/>
			<hover imagename="IGW_DefaultControls" left="559" top="78" right="670" bottom="227"  fontname="Normal" color="#FF000000"/>
			<disabled fontname="Normal" color="#FFFFFFFE"/>	
		</skin>
		<!-- 在formbar中 头、中、尾分别为 sdtHover, sdtPress, sdtFocused -->
		<skin name="bg_igwbarsvertical" system="true" imagecenterdraw="false" imagestretchdraw="true">
			<hover imagename="IGW_DefaultControls" left="559" top="271" right="607" bottom="296"/>
			<press imagename="IGW_DefaultControls" left="559" top="296" right="607" bottom="344"/>
			<focused imagename="IGW_DefaultControls" left="559" top="344" right="607" bottom="390"/>
		</skin>
		<skin name="btn_barsselecthover" system="true" imagecenterdraw="false" imagestretchdraw="false">
			<hover imagename="IGW_DefaultControls" left="559" top="390" right="595" bottom="426"/>			
		</skin>
		<skin name="lbl_normalurl" system="true" imagecenterdraw="false" imagestretchdraw="false">
			<normal   fontname="Normal" color="#FFFFFFFE"/>	
			<press    fontname="Normal" color="#FFFFFFFE"/>	
			<focused  fontname="Normal" color="#FF000000"/>
			<hover    fontname="NormalUnderLine" color="#FF0000FF"/>
			<disabled fontname="Normal" color="#FF808080"/>	
		</skin>
		<skin name="cursor01_37x50" system="true" imagecenterdraw="false" imagestretchdraw="false">
			<normal imagename="IGW_DefaultControls" left="144" top="503" right="181" bottom="553"/>	
			<press imagename="IGW_DefaultControls" left="181" top="503" right="218" bottom="553"/>	
		</skin>
		<skin name="cursor02_16x22" system="true" imagecenterdraw="false" imagestretchdraw="false">
			<normal imagename="IGW_DefaultControls" left="192" top="523" right="208" bottom="545"/>	
			<press imagename="IGW_DefaultControls" left="208" top="523" right="224" bottom="545"/>	
		</skin>
		<skin name="bg_igwsetdialog" system="true" imagecenterdraw="false" imagestretchdraw="true">
			<!-- 注意imagewell用于标识该图片按照九宫格的方式缩放（左上角宽度，左上角高度，右下角宽度，右下角高度） -->	
			<normal imagename="IGW_DefaultControls" left="670" top="0" right="937" bottom="315" imagewell="(8, 31, 11, 49)"/>
		</skin>
		<skin name="bg_igwmenu" system="true" imagecenterdraw="false" imagestretchdraw="true">
			<!-- 注意imagewell用于标识该图片按照九宫格的方式缩放（左上角宽度，左上角高度，右下角宽度，右下角高度） -->	
			<normal imagename="IGW_DefaultControls" left="559" top="426" right="613" bottom="480" imagewell="(18, 18, 18, 18)"/>
		</skin>		
		<skin name="bg_igwmenuitem18x18" system="true" imagecenterdraw="false" imagestretchdraw="true">
			<normal fontname="Normal" color="#FFFFFFFE"/>
			<hover imagename="IGW_DefaultControls" left="613" top="426" right="631" bottom="444" fontname="Normal" color="#FF000000"/>
			<disabled  fontname="Normal" color="#FF808080"/>
		</skin>
		<skin name="lbl_normalbigurl" system="true" imagecenterdraw="false" imagestretchdraw="false">
			<normal   fontname="NormalLabelNormal" color="#FFFFFFFE"/>	
			<hover    fontname="NormalLabelhover" color="#FFFFFFFE"/>
			<disabled fontname="NormalLabelNormal" color="#FF808080"/>	
		</skin>		
		<skin name="lbl_normalbigurl_black" system="true" imagecenterdraw="false" imagestretchdraw="false">
			<normal   fontname="NormalLabelNormal" color="#FF000000"/>	
			<hover    fontname="NormalLabelhover" color="#FF000000"/>
			<disabled fontname="NormalLabelNormal" color="#FF808080"/>	
		</skin>
		<skin name="btn_normal_70x63" system="true" imagecenterdraw="false" imagestretchdraw="true">
			<normal imagename="IGW_DefaultControls" left="144" top="503" right="207" bottom="523" fontname="Normal" color="#FFFFFFFE" imagewell="(3, 3, 4, 3)"/>
			<press imagename="IGW_DefaultControls" left="207" top="503" right="270" bottom="523" imagewell="(3, 3, 4, 3)"/>
			<hover imagename="IGW_DefaultControls" left="270" top="503" right="333" bottom="523" imagewell="(3, 3, 4, 3)"/>
			<focused imagename="IGW_DefaultControls" left="270" top="503" right="333" bottom="523" imagewell="(3, 3, 4, 3)"/>
			<disabled imagename="IGW_DefaultControls" left="333" top="503" right="396" bottom="523" imagewell="(3, 3, 4, 3)"/>
		</skin>
		<skin name="cursor_hand_normal" system="true" imagecenterdraw="false" imagestretchdraw="false">
			<normal imagename="IGW_DefaultControls" left="144" top="523" right="168" bottom="547"/>	
		</skin>
		<skin name="cursor_hand_drag" system="true" imagecenterdraw="false" imagestretchdraw="false">
			<normal imagename="IGW_DefaultControls" left="168" top="523" right="192" bottom="547"/>	
		</skin>
		<skin name="edit_63x21" system="true" imagecenterdraw="false" imagestretchdraw="true">
			<normal imagename="IGW_DefaultControls" left="396" top="503" right="459" bottom="524" imagewell="(1,1,1,1)"/>	
		</skin>
		<skin name="checkbox_unchecked_13x13" system="true" imagecenterdraw="false" imagestretchdraw="false">
			<normal imagename="IGW_DefaultControls" left="459" top="503" right="472" bottom="516"/>	
			<hover imagename="IGW_DefaultControls" left="472" top="503" right="485" bottom="516"/>	
		</skin>
		<skin name="checkbox_checked_13x13" system="true" imagecenterdraw="false" imagestretchdraw="false">
			<normal imagename="IGW_DefaultControls" left="498" top="503" right="511" bottom="516"/>
			<hover imagename="IGW_DefaultControls" left="485" top="503" right="498" bottom="516"/>
		</skin>
		<skin name="Radio_unchecked_13x13" system="true" imagecenterdraw="false" imagestretchdraw="false">
			<normal imagename="IGW_DefaultControls" left="152" top="547" right="165" bottom="560"/>	
			<hover imagename="IGW_DefaultControls" left="165" top="547" right="178" bottom="560"/>	
		</skin>
		<skin name="Radio_checked_13x13" system="true" imagecenterdraw="false" imagestretchdraw="false">
			<normal imagename="IGW_DefaultControls" left="178" top="547" right="191" bottom="560"/>
			<hover imagename="IGW_DefaultControls" left="191" top="547" right="204" bottom="560"/>
		</skin>
		<!-- 在formbar中 头、中、尾分别为 sdtHover, sdtPress, sdtFocused -->
		<skin name="bg_igwbarsvertical_mirror" system="true" imagecenterdraw="false" imagestretchdraw="true">
			<hover imagename="IGW_DefaultControls" left="607" top="271" right="655" bottom="317"/>
			<press imagename="IGW_DefaultControls" left="607" top="317" right="655" bottom="365"/>
			<focused imagename="IGW_DefaultControls" left="607" top="365" right="655" bottom="390"/>
		</skin>		
		<skin name="bg_igwcaptiontitle18x18" system="true" imagecenterdraw="false" imagestretchdraw="true">			
			<normal imagename="IGW_DefaultControls" left="613" top="426" right="631" bottom="444"/>			
		</skin>
		<skin name="bg_igwicon47x47white" system="true" imagecenterdraw="false" imagestretchdraw="true">			
			<normal imagename="IGW_DefaultControls" left="737" top="315" right="784" bottom="362"/>			
		</skin>
		<skin name="bg_igwicon47x47aqua" system="true" imagecenterdraw="false" imagestretchdraw="true">			
			<normal imagename="IGW_DefaultControls" left="737" top="362" right="784" bottom="409"/>			
		</skin>
		<skin name="bg_igwicon47x47green" system="true" imagecenterdraw="false" imagestretchdraw="true">			
			<normal imagename="IGW_DefaultControls" left="737" top="409" right="784" bottom="456"/>			
		</skin>
		<skin name="bg_igwicon47x47cream" system="true" imagecenterdraw="false" imagestretchdraw="true">			
			<normal imagename="IGW_DefaultControls" left="737" top="456" right="784" bottom="503"/>			
		</skin>
		<skin name="bg_igwicon47x47red" system="true" imagecenterdraw="false" imagestretchdraw="true">			
			<normal imagename="IGW_DefaultControls" left="737" top="503" right="784" bottom="550"/>			
		</skin>
		
		<skin name="bg_igwiconStatus47x47" system="true" imagecenterdraw="false" imagestretchdraw="true">						
			<press imagename="IGW_DefaultControls" left="737" top="315" right="784" bottom="362"/>			
			<focused imagename="IGW_DefaultControls" left="737" top="409" right="784" bottom="456"/>			
		</skin>
		<skin name="bg_igwieDefaultForm_white" system="true" imagecenterdraw="false" imagestretchdraw="true">						
			<normal imagename="IGW_DefaultControls" left="631" top="463" right="663" bottom="522" imagewell="(14, 41, 14, 14)"/>			
			<focused imagename="IGW_DefaultControls" left="631" top="402" right="663" bottom="461" imagewell="(14, 41, 14, 14)"/>
		</skin>
		<skin name="bg_igwieSndaLogoDefaultForm_white" system="true" imagecenterdraw="false" imagestretchdraw="true">						
			<normal imagename="IGW_DefaultControls" left="784" top="495" right="888" bottom="554" imagewell="(83, 41, 14, 14)"/>			
			<focused imagename="IGW_DefaultControls" left="784" top="436" right="888" bottom="495" imagewell="(83, 41, 14, 14)"/>
		</skin>
		<skin name="bg_igwieDefaultForm_black" system="true" imagecenterdraw="false" imagestretchdraw="true">						
			<normal imagename="IGW_DefaultControls" left="678" top="463" right="710" bottom="522" imagewell="(14, 41, 14, 14)"/>	
			<focused imagename="IGW_DefaultControls" left="678" top="402" right="710" bottom="461" imagewell="(14, 41, 14, 14)"/>			
		</skin>
		<skin name="btn_igwieclose_focus_15x15" system="true" imagecenterdraw="false" imagestretchdraw="false">
			<disabled  imagename="IGW_DefaultControls" left="663" top="402" right="678" bottom="417"/>
			<press imagename="IGW_DefaultControls" left="663" top="417" right="678" bottom="432"/>
			<hover imagename="IGW_DefaultControls" left="663" top="432" right="678" bottom="447"/>
			<normal imagename="IGW_DefaultControls" left="663" top="447" right="678" bottom="462"/>
		</skin>
		<skin name="btn_igwieclose_Normal_15x15" system="true" imagecenterdraw="false" imagestretchdraw="false">
			<disabled imagename="IGW_DefaultControls" left="663" top="463" right="678" bottom="478"/>
			<press imagename="IGW_DefaultControls" left="663" top="478" right="678" bottom="493"/>
			<hover imagename="IGW_DefaultControls" left="663" top="493" right="678" bottom="508"/>
			<normal imagename="IGW_DefaultControls" left="663" top="508" right="678" bottom="523"/>
		</skin>
		<skin name="btn_igwieMax_focus_15x15" system="true" imagecenterdraw="false" imagestretchdraw="false">
			<disabled imagename="IGW_DefaultControls" left="784" top="315" right="799" bottom="330"/>
			<press imagename="IGW_DefaultControls" left="784" top="330" right="799" bottom="345"/>
			<hover imagename="IGW_DefaultControls" left="784" top="345" right="799" bottom="360"/>
			<normal imagename="IGW_DefaultControls" left="784" top="360" right="799" bottom="375"/>
		</skin>
		<skin name="btn_igwieMax_normal_15x15" system="true" imagecenterdraw="false" imagestretchdraw="false">
			<disabled imagename="IGW_DefaultControls" left="784" top="375" right="799" bottom="390"/>
			<press imagename="IGW_DefaultControls" left="784" top="390" right="799" bottom="405"/>
			<hover imagename="IGW_DefaultControls" left="784" top="405" right="799" bottom="420"/>
			<normal imagename="IGW_DefaultControls" left="784" top="420" right="799" bottom="435"/>
		</skin>
		<skin name="btn_igwieMini_focus_15x15" system="true" imagecenterdraw="false" imagestretchdraw="false">
			<disabled imagename="IGW_DefaultControls" left="799" top="315" right="814" bottom="330"/>
			<press imagename="IGW_DefaultControls" left="799" top="330" right="814" bottom="345"/>
			<hover imagename="IGW_DefaultControls" left="799" top="345" right="814" bottom="360"/>
			<normal imagename="IGW_DefaultControls" left="799" top="360" right="814" bottom="375"/>
		</skin>
		<skin name="btn_igwieMini_normal_15x15" system="true" imagecenterdraw="false" imagestretchdraw="false">
			<disabled imagename="IGW_DefaultControls" left="799" top="375" right="814" bottom="390"/>
			<press imagename="IGW_DefaultControls" left="799" top="390" right="814" bottom="405"/>
			<hover imagename="IGW_DefaultControls" left="799" top="405" right="814" bottom="420"/>
			<normal imagename="IGW_DefaultControls" left="799" top="420" right="814" bottom="435"/>
		</skin>
		<skin name="btn_igwieDianPing_normal_25x15" system="true" imagecenterdraw="false" imagestretchdraw="false">
			<disabled imagename="IGW_DefaultControls" left="814" top="375" right="839" bottom="390"/>
			<press imagename="IGW_DefaultControls" left="814" top="390" right="839" bottom="405"/>
			<hover imagename="IGW_DefaultControls" left="814" top="405" right="839" bottom="420"/>
			<normal imagename="IGW_DefaultControls" left="814" top="420" right="839" bottom="435"/>
		</skin>
		<skin name="btn_igwieDianPing_focus_25x15" system="true" imagecenterdraw="false" imagestretchdraw="false">
			<disabled imagename="IGW_DefaultControls" left="814" top="315" right="839" bottom="330"/>
			<press imagename="IGW_DefaultControls" left="814" top="330" right="839" bottom="345"/>
			<hover imagename="IGW_DefaultControls" left="814" top="345" right="839" bottom="360"/>
			<normal imagename="IGW_DefaultControls" left="814" top="360" right="839" bottom="375"/>
		</skin>
		<skin name="btn_igwieWenHao_normal_15x15" system="true" imagecenterdraw="false" imagestretchdraw="false">
			<disabled imagename="IGW_DefaultControls" left="839" top="376" right="854" bottom="391"/>
			<press imagename="IGW_DefaultControls" left="839" top="391" right="854" bottom="406"/>
			<hover imagename="IGW_DefaultControls" left="839" top="406" right="854" bottom="421"/>
			<normal imagename="IGW_DefaultControls" left="839" top="421" right="854" bottom="436"/>
		</skin>
		<skin name="btn_igwieWenHao_focus_15x15" system="true" imagecenterdraw="false" imagestretchdraw="false">
			<disabled imagename="IGW_DefaultControls" left="839" top="315" right="854" bottom="330"/>
			<press imagename="IGW_DefaultControls" left="839" top="330" right="854" bottom="345"/>
			<hover imagename="IGW_DefaultControls" left="839" top="345" right="854" bottom="360"/>
			<normal imagename="IGW_DefaultControls" left="839" top="360" right="854" bottom="375"/>
		</skin>
		<skin name="btn_igwieJiang_normal_15x15" system="true" imagecenterdraw="false" imagestretchdraw="false">
			<disabled imagename="IGW_DefaultControls" left="854" top="375" right="869" bottom="390"/>
			<press imagename="IGW_DefaultControls" left="854" top="390" right="869" bottom="405"/>
			<hover imagename="IGW_DefaultControls" left="854" top="405" right="869" bottom="420"/>
			<normal imagename="IGW_DefaultControls" left="854" top="420" right="869" bottom="435"/>
		</skin>
		<skin name="btn_igwieJiang_focus_15x15" system="true" imagecenterdraw="false" imagestretchdraw="false">
			<disabled imagename="IGW_DefaultControls" left="854" top="315" right="869" bottom="330"/>
			<press imagename="IGW_DefaultControls" left="854" top="330" right="869" bottom="345"/>
			<hover imagename="IGW_DefaultControls" left="854" top="345" right="869" bottom="360"/>
			<normal imagename="IGW_DefaultControls" left="854" top="360" right="869" bottom="375"/>
		</skin>		
		<skin name="btn_igwNewStartLogo" system="true" imagecenterdraw="false" imagestretchdraw="false">
			<normal imagename="IGW_DefaultControls" left="15" top="571" right="51" bottom="596"/>
			<press imagename="IGW_DefaultControls" left="51" top="571" right="87" bottom="596"/>
			<hover imagename="IGW_DefaultControls" left="87" top="571" right="123" bottom="596"/>
			<disabled imagename="IGW_DefaultControls" left="123" top="571" right="159" bottom="596"/>
		</skin>
		<skin name="btn_sliderstaff_111x6" system="true" imagecenterdraw="false" imagestretchdraw="true">
			<normal imagename="IGW_DefaultControls" left="159" top="571" right="270" bottom="577" imagewell="(3, 1, 3, 1)"/>
			<hover imagename="IGW_DefaultControls" left="159" top="577" right="270" bottom="583" imagewell="(3, 1, 3, 1)"/>
			<press imagename="IGW_DefaultControls" left="159" top="583" right="270" bottom="589" imagewell="(3, 1, 3, 1)"/>
			<disabled imagename="IGW_DefaultControls" left="159" top="589" right="270" bottom="595" imagewell="(3, 1, 3, 1)"/>
			<focused imagename="IGW_DefaultControls" left="159" top="577" right="270" bottom="583" imagewell="(3, 1, 3, 1)"/>
		</skin>
		<skin name="btn_slider_12x14" system="true" imagecenterdraw="false" imagestretchdraw="true">
			<normal imagename="IGW_DefaultControls" left="104" top="553" right="116" bottom="567" />			
			<hover imagename="IGW_DefaultControls" left="116" top="553" right="128" bottom="567" />
			<press imagename="IGW_DefaultControls" left="128" top="553" right="140" bottom="567" />
			<disabled imagename="IGW_DefaultControls" left="140" top="553" right="152" bottom="567" />
			<focused imagename="IGW_DefaultControls" left="116" top="553" right="128" bottom="567" />
		</skin>
		<skin name="bg_igwiePopupForm37x41" system="true" imagecenterdraw="false" imagestretchdraw="true">						
			<normal imagename="IGW_DefaultControls" left="270" top="541" right="307" bottom="582" imagewell="(5, 24, 8, 9)"/>			
		</skin>
		<skin name="bg_igwiePopupBackBround147x131" system="true" imagecenterdraw="false" imagestretchdraw="true">						
			<normal imagename="IGW_DefaultControls" left="307" top="541" right="555" bottom="672"/>			
		</skin>
		<skin name="btn_PopupFormClose_9x9" system="true" imagecenterdraw="false" imagestretchdraw="true">
			<normal imagename="IGW_DefaultControls" left="152" top="562" right="161" bottom="571" />			
			<hover imagename="IGW_DefaultControls" left="161" top="562" right="170" bottom="571" />
			<press imagename="IGW_DefaultControls" left="170" top="562" right="179" bottom="571" />
			<disabled imagename="IGW_DefaultControls" left="179" top="562" right="188" bottom="571" />
		</skin>
		<skin name="btn_igwStartLogoBlue" system="true" imagecenterdraw="false" imagestretchdraw="false">
			<normal imagename="IGW_DefaultControls" left="0" top="596" right="36" bottom="621"/>
			<press imagename="IGW_DefaultControls" left="36" top="596" right="72" bottom="621"/>
			<hover imagename="IGW_DefaultControls" left="72" top="596" right="108" bottom="621"/>
			<disabled imagename="IGW_DefaultControls" left="108" top="596" right="144" bottom="621"/>
		</skin>		
		<skin name="bg_igwNormalForm_black" system="true" imagecenterdraw="false" imagestretchdraw="true">
			<normal imagename="IGW_DefaultControls" left="555" top="515" right="587" bottom="563" imagewell="(8, 30, 10, 12)"/>
		</skin>
		<skin name="bg_igwNormalTab" system="true" imagecenterdraw="false" imagestretchdraw="false">
			<disabled imagename="IGW_DefaultControls" left="587" top="528" right="647" bottom="548" fontname="Normal" color="#FFFFFFFE" />
			<normal imagename="IGW_DefaultControls" left="587" top="548" right="647" bottom="568"  fontname="Normal" color="#FFFFFFFE"/>
			<hover imagename="IGW_DefaultControls" left="587" top="568" right="647" bottom="588"   fontname="Normal" color="#FFA6CE2A"/>
		</skin>
		<skin name="bg_igwNormalTabBottomLine" system="true" imagecenterdraw="false" imagestretchdraw="true">
			<normal imagename="IGW_DefaultControls" left="224" top="541" right="228" bottom="568"/>
		</skin>
		<skin name="bg_igwNormalLoginBackground_black" system="true" imagecenterdraw="false" imagestretchdraw="true">
			<normal imagename="IGW_DefaultControls" left="555" top="588" right="802" bottom="712"/>
		</skin>
		<skin name="edit_white100x19" system="true" imagecenterdraw="false" imagestretchdraw="true">
			<normal imagename="IGW_DefaultControls" left="647" top="569" right="747" bottom="588" imagewell="(2,2,2,2)"/>	
		</skin>
		<skin name="bg_linefengeblack" system="true" imagecenterdraw="false" imagestretchdraw="true">
			<normal imagename="IGW_DefaultControls" left="0" top="619" right="251" bottom="631"/>	
		</skin>
		<skin name="bg_normalsndalogo188x27" system="true" imagecenterdraw="false" imagestretchdraw="false">
			<normal imagename="IGW_DefaultControls" left="307" top="672" right="495" bottom="699"/>	
		</skin>
		<skin name="btn_btncombox_15x15" system="true" imagecenterdraw="false" imagestretchdraw="false">
			<normal imagename="IGW_DefaultControls" left="459" top="516" right="474" bottom="531"/>
			<press imagename="IGW_DefaultControls" left="474" top="516" right="489" bottom="531"/>
			<hover imagename="IGW_DefaultControls" left="489" top="516" right="504" bottom="531"/>
			<disabled imagename="IGW_DefaultControls" left="504" top="516" right="519" bottom="531"/>
		</skin>
		<skin name="lbl_normalcomboxfonststyle" system="true" imagecenterdraw="false" imagestretchdraw="false">
			<normal   fontname="Normal" color="#FFFFFFFE"/>	
			<press    fontname="Normal" color="#FFFFFFFE"/>	
			<focused  fontname="Normal" color="#FFFFFFFE"/>
			<hover    fontname="Normal" color="#FFFFFFFE"/>
			<disabled fontname="Normal" color="#FF808080"/>	
		</skin>
		<skin name="btn_btnwhitenormal63x20" system="true" imagecenterdraw="false" imagestretchdraw="false">
			<normal imagename="IGW_DefaultControls" left="0" top="633" right="63" bottom="653"      fontname="Normal" color="#FF000000"/>
			<hover imagename="IGW_DefaultControls" left="63" top="633" right="126" bottom="653"     fontname="Normal" color="#FF000000"/>
			<press imagename="IGW_DefaultControls" left="126" top="633" right="189" bottom="653"    fontname="Normal" color="#FF000000"/>
			<disabled imagename="IGW_DefaultControls" left="189" top="633" right="252" bottom="653" fontname="Normal" color="#FF808080"/>
		</skin>

		<skin name="btn_wbformPageUp_32x15" system="true" imagecenterdraw="false" imagestretchdraw="true">
			<normal imagename="IGW_DefaultControls" left="0" top="653" right="32" bottom="668"/>
			<hover imagename="IGW_DefaultControls" left="32" top="653" right="64" bottom="668"/>
			<press imagename="IGW_DefaultControls" left="64" top="653" right="96" bottom="668"/>
			<disabled imagename="IGW_DefaultControls" left="96" top="653" right="128" bottom="668"/>
		</skin>
		<skin name="btn_wbformPageDown_32x15" system="true" imagecenterdraw="false" imagestretchdraw="true">
			<normal imagename="IGW_DefaultControls" left="128" top="653" right="160" bottom="668"/>
			<hover imagename="IGW_DefaultControls" left="160" top="653" right="191" bottom="668"/>
			<press imagename="IGW_DefaultControls" left="191" top="653" right="223" bottom="668"/>
			<disabled imagename="IGW_DefaultControls" left="223" top="653" right="255" bottom="668"/>
		</skin>
		<!-- 在formbar中 头、中、尾分别为 sdtHover, sdtPress, sdtFocused -->
		<skin name="bg_wbformsideline" system="true" imagecenterdraw="false" imagestretchdraw="true">
			<hover imagename="IGW_DefaultControls" left="868" top="315" right="906" bottom="339"/>
			<press imagename="IGW_DefaultControls" left="868" top="339" right="906" bottom="362"/>
			<focused imagename="IGW_DefaultControls" left="868" top="362" right="906" bottom="387"/>
		</skin>
		<skin name="bg_igwSetFormlblsoundCaption" system="true" imagecenterdraw="false" imagestretchdraw="true">
			<normal imagename="IGW_DefaultControls" left="728" top="98" right="808" bottom="114"/>
		</skin>
		<skin name="bg_igwHideStatus32x32" system="true" imagecenterdraw="false" imagestretchdraw="true">
			<normal imagename="IGW_DefaultControls" left="459" top="672" right="491" bottom="704"/>
		</skin>
		<skin name="floatbtn_comboxdown" system="true" imagecenterdraw="false" imagestretchdraw="false">
			<disabled imagename="IGW_DefaultControls" left="295" top="582" right="307" bottom="594"/>
			<press imagename="IGW_DefaultControls" left="295" top="594" right="307" bottom="606"/>
			<hover imagename="IGW_DefaultControls" left="295" top="606" right="307" bottom="618"/>
			<normal imagename="IGW_DefaultControls" left="295" top="618" right="307" bottom="630"/>
		</skin>
		<skin name="btn_WidgetSmallStatus" system="true" imagecenterdraw="false" imagestretchdraw="false">
			<normal imagename="IGW_WidgetStatusImg" left="0" top="22" right="20" bottom="31"/>
			<hover imagename="IGW_WidgetStatusImg" left="0" top="13" right="22" bottom="22"/>
			<press imagename="IGW_WidgetStatusImg" left="0" top="0" right="17" bottom="13"/>
		</skin>
		<skin name="btn_WidgetBigStatus" system="true" imagecenterdraw="false" imagestretchdraw="false">
			<normal imagename="IGW_WidgetStatusImg" left="52" top="0" right="97" bottom="20"/>
			<hover imagename="IGW_WidgetStatusImg" left="22" top="24" right="67" bottom="43"/>
			<press imagename="IGW_WidgetStatusImg" left="22" top="0" right="52" bottom="24"/>
		</skin>
	</widgetskins>
</widget>
