﻿<?xml version="1.0" encoding="utf-8"?>
<xul majorVer="1" minorVer="0" type="wg2d">
	<skin src="Skins\IGW.DefaultSkin.xml"/>	
	<view name="taskbarsvertical" type="TaskBar" left="700" top="100" width="66" 
		height="350" skin="bg_igwnewbarsvertical" candock="false" 
		barsinterval="3" barsleft="4" barstop="35" barswidth="55" barsheight="255" defaultbuttonskin="bg_igwmenuitem18x18" 
		minisize="185" bardirection="wbVertical" docksite="false" ToolBtnAnimationSize="3" ToolBtnShowText="True" 
		ontaskchanged="taskbarsverticalOnTaskChanged(Self);" ToolBtnAlignment="taLeftJustify" ToolBtnTextIndent="30"  btnhideimage="bg_igwHideStatus" 
		canactivate="false" animationspeed="30" ToolBtnHeight="21" ToolBtnIconHeight="21" ToolBtnIconWidth="21" ToolBtnIconIndent="5"
		cachepaint="false" ToolBtnTextColor="$FFFFFFFE" recommandflyoutalignoffset="(6, 0)">
		<!--  bigwidth="66" bigheight="38" smallwidth="38" smallheight="38" animationspeed="120" -->
		<bariconbutton left="0" top="-38" width="66" height="38" skin="bg_igwnewStartLogo66x38" name="Bartopbg" onclick="" cannotifydrag="true" cursor="[HAND]" bigwidth="66" bigheight="38" smallwidth="43" smallheight="30" animationspeed="120" OnStyleChanged="OnBartopbgStyleChanged(Self);">
				<QuanQuanFlashButton left="5" top="7" width="56" height="28" skin="bg_igwNewStartOOLogo56x28" name="BartopLogo" onclick="BartopLogoOnclick(Self);" canactivate="false" cannotifydrag="true" cursor="[HAND]"  DragEnableClick="false"/>
		</bariconbutton>
				
		<widgetfaketaskbutton left="7" top="33" width="53" height="22" icon="btn_normalhelp_21x21" skin="bg_igwNewBarTopItemNormalbk53x22" name="btnFixedBtn01" bordercolora="$FFFF0000" caption="保留" textindent="26" iconindent="2" downtextoffsetx="1" downtextoffsety="1"/>
		<widgetfaketaskbutton left="7" top="55" width="53" height="22" icon="btn_normalhelp_21x21" skin="bg_igwNewBarTopItemNormalbk53x22" name="btnFixedBtn02" bordercolora="$FFFF0000" caption="保留" textindent="26" iconindent="2" downtextoffsetx="1" downtextoffsety="1"/>
		<widgetfaketaskbutton left="7" top="77" width="53" height="22" icon="btn_normalhelp_21x21" skin="bg_igwNewBarTopItemNormalbk53x22" name="btnFixedBtn03" bordercolora="$FFFF0000" caption="保留" textindent="26" iconindent="2" downtextoffsetx="1" downtextoffsety="1"/>
		<widgetfaketaskbutton left="7" top="99" width="53" height="22" icon="btn_normalhelp_21x21" skin="bg_igwNewBarTopItemNormalbk53x22" name="btnFixedBtn04" bordercolora="$FFFF0000" caption="保留" textindent="26" iconindent="2" downtextoffsetx="1" downtextoffsety="1"/>
			
		<MessageButton left="18" top="6" width="15" height="18" skin="btn_barMsg_15x18" name="btnBarvFormClose" onclick="btnBarvFormCloseOnClick(Self);" showhint="true" hint="系统消息" canactivate="false" />
		<ManagerButton left="2" top="6" width="15" height="18" skin="btn_barAdd_15x18" name="btnBarvFormSearch" onclick="" showhint="true" hint="添加工具" link=".\DefaultManagerDialog.xml" canactivate="false" />
		<button left="50" top="6" width="15" height="18" skin="btn_barDownMenu_15x18" name="btnBarvFormSet" onclick="btnBarvFormSetOnClick(Self);" showhint="false" hint="" canactivate="false"  link=".\DefaultSetDialog.xml"/>
		<LinkButton left="34" top="6" width="15" height="18" skin="btn_barcap_15x18" name="btnBarvFormCap" onclick="" showhint="true" hint="截图" canactivate="false"  link=".\DefaultCapScreen.xml" visible="false"/>
		<button left="34" top="6" width="15" height="18" skin="btn_barHelp_15x18" name="btnBarvFormHelp" onclick="OnbtnBarvFormHelpClick(Self);" showhint="true" hint="帮助" canactivate="false"/>
		
		<button left="3" top="15" width="16" height="16" skin="btn_barspageup_16x16" name="btnBarvFormPageUp" onclick="btnBarvFormPageUpOnClick(Self);" canactivate="false" showhint="true" hint="上一页"/>
		<button left="46" top="15" width="16" height="16" skin="btn_barspagedown_16x16" name="btnBarvFormPageDown" onclick="btnBarvFormPageDownOnClick(Self);" canactivate="false" showhint="true" hint="下一页"/>
		<resizebutton left="0" top="10" width="66" height="17" skin="btn_barvresize_66x17" name="btnBarvFormBarResize" onclick=""  canactivate="false" cursoraaa="[DragCursor]" resizetype="gwrstBottom" showhint="true" hint="调整高度"/>
		<label left="18" top="31" width="28" height="10" skin="" name="lablePageTotal" caption="3/4" alignment="taCenter" layout="llCenter" canactivate="false" onclick="" wordwrap="false" textcolor="$CCFFFFFF"/>

		<menu left="100" top="100" width="60" height="54" name="CtrlBarItemMenu" skin="bg_igwmenu" menuitemskin="bg_igwmenuitem18x18" onpopupmenu=""  margin="(2,2,2,2)" autoalign="false">
			<menuitem left="5" top="8" width="50" height="18" name="MenuItemBarItemSet" skin="bg_igwmenuitem18x18" caption="设置" onmenuitemclick="" alignment="taCenter" visible="false"/> 
			<menuitem left="5" top="8" width="50" height="18" name="MenuItemBarItemDel" skin="bg_igwmenuitem18x18" caption="删除" onmenuitemclick="" alignment="taCenter"/>
			<menuitem left="5" top="28" width="50" height="18" name="MenuItemBarItemClose" skin="bg_igwmenuitem18x18" caption="关闭" onmenuitemclick="" alignment="taCenter"/>
		</menu>
		<menu left="100" top="100" width="60" height="56" name="CtrlAddWidgetItemMenu" skin="bg_igwmenu" menuitemskin="bg_igwmenuitem18x18" onpopupmenu=""  margin="(2,2,2,2)" autoalign="true">
			<menuitem left="4" top="8" width="52" height="18" name="MenuItemBarItemAdd" skin="bg_igwmenuitem18x18" caption="添加" onmenuitemclick="OnMenuItemBarItemAddClick(Self);" alignment="taCenter"/>
		</menu>
		<menu left="100" top="100" width="60" height="34" name="CtrlDownWidgetItemMenu" skin="bg_igwmenu" menuitemskin="bg_igwmenuitem18x18" onpopupmenu=""  margin="(2,2,2,2)" autoalign="false">
			<SetMenuItemButton left="5" top="8" width="50" height="18" name="MenuItemBarItemSysSet" skin="bg_igwmenuitem18x18" caption="设置" onmenuitemclick="" alignment="taCenter" link=".\DefaultSetDialog.xml"/>			
		</menu>
	</view>
	<script src="DefaultTaskBarAutoV.js"/>
</xul>