<?xml version="1.0" encoding="utf-8"?>
<xul majorVer="1" minorVer="0" type="wg2d">
	<skin src="Skins\IGW.DefaultSkin.xml"/>	
	<view name="igwmanagerdlg" type="TManagerWidgetForm" left="50" top="50" width="555" height="477" skin="bg_igwmanagerdialog" candock="false" docksite="false"  floatbuttonstatus="0" cachepaint="true">
		<label left="237" top="342" width="80" height="16" skin="" name="PageInfo" caption="0/0页" layout="llCenter" alignment="taCenter" textcolor="$FFCCB194" />
		<label left="36" top="368" width="250" height="20" skin="" name="WidgetDescTitle" caption="描述信息" layout="llCenter"  ellipsisposition="epWordEllipsis" />
		<label left="336" top="365" width="180" height="20" skin="" name="WidgetVersionTitle" caption="圈圈版本信息" layout="llCenter"  ellipsisposition="epWordEllipsis" />
		<label left="36" top="11" width="240" height="20" skin="" name="WidgetListTitleWWW" caption="圈圈工具集" layout="llCenter"  ellipsisposition="epWordEllipsis" cannotifydrag="true"  textcolor="$FFE5BC64"/>
		<label left="26" top="392" width="275" height="69" skin="" name="WidgetDesc" caption="" alignment="taLeftJustify" layout="llTop"  ellipsisposition="epWordEllipsis" wordwrap="true" textcolor="$FFCCB194"/>
		<button type="" left="217" top="343" width="16" height="17" skin="btn_formpageleft_16x17" name="btnPrePage" onclick="PrePageClick();" canactivate="false"/>
		<button type="" left="319" top="343" width="16" height="17" skin="btn_formpageright_16x17" name="btnNextPage" onclick="NextPageClick();" canactivate="false"/>
		<button type="" left="521" top="10" width="26" height="26" skin="btn_formclose_26x26" name="btnManagerFormClose" onclick="btnManagerFormCloseOnClick(Self);" showhint="true" hint="关闭" canactivate="false"/>
		
		<button type="" left="320" top="392" width="64" height="64" skin="" name="btnauthorLogo" onclick=""/>
		<label left="330" top="395" width="145" height="16" skin="" name="lblauthorName" layout="llCenter" ellipsisposition="epWordEllipsis" caption="In-Game-Widget" textcolor="$FFCCB194"/>
		<label left="330" top="415" width="145" height="16" skin="" name="lblCopyright" layout="llCenter" ellipsisposition="epWordEllipsis" caption="版本：" textcolor="$FFCCB194" fontname="VerFont"/>
		<label left="330" top="435" width="185" height="16" skin="lbl_normalurl" name="lblauthorInfoURL" layout="llCenter" caption="SNDA Corporation保留所有权"  ellipsisposition="epWordEllipsis" textcolor="$FFCCB194"/>
		
		<button name="WidgetBG_1_1" type="" left="12" top="51" width="103" height="144" skin="bg_igwselectbarsicon" onclick="SelectWidget(Self,1, 1);" alignment="taCenter" layout="llTop" ellipsisposition="epWordEllipsis" textindent="10" textveritical="8" hittestinarea="true"  canactivate="false" onhover="onItemHover(Self, 1, 1);">
			<WidgetIconButton name="WidgetIcon_1_1" left="7" top="28" width="88" height="85" skin="bg_igwbarsicon" onclick="SelectWidget(Self,1, 1);"/>
			<button name="WidgetAdd_1_1" left="17" top="113" width="68" height="25" skin="btn_barsadd_68x25" onclick="OpenWidget(1, 1);" linkhover="true" textcolor="$FFFED68F" downtextoffsetx="1" downtextoffsety="1"/>
		</button>
		<button name="WidgetBG_1_2" type="" left="118" top="51" width="103" height="144" skin="bg_igwselectbarsicon" onclick="SelectWidget(Self,1, 2);" alignment="taCenter" layout="llTop" ellipsisposition="epWordEllipsis" textindent="10" textveritical="8"  hittestinarea="true"  canactivate="false" onhover="onItemHover(Self, 1, 2);">
			<WidgetIconButton name="WidgetIcon_1_2" left="7" top="28" width="88" height="85" skin="bg_igwbarsicon" onclick="SelectWidget(Self,1, 2);" />
			<button name="WidgetAdd_1_2" left="17" top="113" width="68" height="25" skin="btn_barsadd_68x25" onclick="OpenWidget(1, 2);" linkhover="true" textcolor="$FFFED68F" downtextoffsetx="1" downtextoffsety="1"/>
		</button>
		<button name="WidgetBG_1_3" type="" left="224" top="51" width="103" height="144" skin="bg_igwselectbarsicon" onclick="SelectWidget(Self,1, 3);" alignment="taCenter" layout="llTop" ellipsisposition="epWordEllipsis" textindent="10" textveritical="8"  hittestinarea="true" canactivate="false" onhover="onItemHover(Self, 1, 3);">
			<WidgetIconButton name="WidgetIcon_1_3" left="7" top="28" width="88" height="85" skin="bg_igwbarsicon" onclick="SelectWidget(Self,1, 3);" />
			<button name="WidgetAdd_1_3" left="17" top="113" width="68" height="25" skin="btn_barsadd_68x25" onclick="OpenWidget(1, 3);" linkhover="true" textcolor="$FFFED68F" downtextoffsetx="1" downtextoffsety="1"/>
		</button>
		<button name="WidgetBG_1_4" type="" left="330" top="51" width="103" height="144" skin="bg_igwselectbarsicon" onclick="SelectWidget(Self,1, 4);" alignment="taCenter" layout="llTop" ellipsisposition="epWordEllipsis" textindent="10" textveritical="8"  hittestinarea="true" canactivate="false" onhover="onItemHover(Self, 1, 4);">
			<WidgetIconButton name="WidgetIcon_1_4" left="7" top="28" width="88" height="85" skin="bg_igwbarsicon" onclick="SelectWidget(Self,1, 4);" />
			<button name="WidgetAdd_1_4" left="17" top="113" width="68" height="25" skin="btn_barsadd_68x25" onclick="OpenWidget(1, 4);" linkhover="true" textcolor="$FFFED68F" downtextoffsetx="1" downtextoffsety="1"/>
		</button>
		<button name="WidgetBG_1_5" type="" left="436" top="51" width="103" height="144" skin="bg_igwselectbarsicon" onclick="SelectWidget(Self,1, 5);" alignment="taCenter" layout="llTop" ellipsisposition="epWordEllipsis" textindent="10" textveritical="8" hittestinarea="true"  canactivate="false" onhover="onItemHover(Self, 1, 5);">
			<WidgetIconButton name="WidgetIcon_1_5" left="7" top="28" width="88" height="85" skin="bg_igwbarsicon" onclick="SelectWidget(Self,1, 5);" />
			<button name="WidgetAdd_1_5" left="17" top="113" width="68" height="25" skin="btn_barsadd_68x25" onclick="OpenWidget(1, 5);" linkhover="true" textcolor="$FFFED68F" downtextoffsetx="1" downtextoffsety="1"/>
		</button>

		<button name="WidgetBG_2_1" type="" left="12" top="194" width="103" height="144" skin="bg_igwselectbarsicon" onclick="SelectWidget(Self,2, 1);" alignment="taCenter" layout="llTop" ellipsisposition="epWordEllipsis" textindent="10" textveritical="8"  hittestinarea="true" canactivate="false" onhover="onItemHover(Self, 2, 1);">
			<WidgetIconButton name="WidgetIcon_2_1" left="7" top="28" width="88" height="85" skin="bg_igwbarsicon" onclick="SelectWidget(Self,2, 1);" />
			<button name="WidgetAdd_2_1" left="17" top="113" width="68" height="25" skin="btn_barsadd_68x25" onclick="OpenWidget(2, 1);" linkhover="true" textcolor="$FFFED68F" downtextoffsetx="1" downtextoffsety="1"/>
		</button>
		<button name="WidgetBG_2_2" type="" left="118" top="194" width="103" height="144" skin="bg_igwselectbarsicon" onclick="SelectWidget(Self,2, 2);" alignment="taCenter" layout="llTop" ellipsisposition="epWordEllipsis" textindent="10" textveritical="8" hittestinarea="true" canactivate="false" onhover="onItemHover(Self, 2, 2);">
			<WidgetIconButton name="WidgetIcon_2_2" left="7" top="28" width="88" height="85" skin="bg_igwbarsicon" onclick="SelectWidget(Self,2, 2);" />
			<button name="WidgetAdd_2_2" left="17" top="113" width="68" height="25" skin="btn_barsadd_68x25" onclick="OpenWidget(2, 2);" linkhover="true" textcolor="$FFFED68F" downtextoffsetx="1" downtextoffsety="1"/>
		</button>
		<button name="WidgetBG_2_3" type="" left="224" top="194" width="103" height="144" skin="bg_igwselectbarsicon" onclick="SelectWidget(Self,2, 3);" alignment="taCenter" layout="llTop" ellipsisposition="epWordEllipsis" textindent="10" textveritical="8" hittestinarea="true" canactivate="false" onhover="onItemHover(Self, 2, 3);">
			<WidgetIconButton name="WidgetIcon_2_3" left="7" top="28" width="88" height="85" skin="bg_igwbarsicon" onclick="SelectWidget(Self,2, 3);" />
			<button name="WidgetAdd_2_3" left="17" top="113" width="68" height="25" skin="btn_barsadd_68x25" onclick="OpenWidget(2, 3);" linkhover="true" textcolor="$FFFED68F" downtextoffsetx="1" downtextoffsety="1"/>
		</button>
		<button name="WidgetBG_2_4" type="" left="330" top="194" width="103" height="144" skin="bg_igwselectbarsicon" onclick="SelectWidget(Self,2, 4);" alignment="taCenter" layout="llTop" ellipsisposition="epWordEllipsis" textindent="10" textveritical="8" hittestinarea="true" canactivate="false" onhover="onItemHover(Self, 2, 4);">
			<WidgetIconButton name="WidgetIcon_2_4" left="7" top="28" width="88" height="85" skin="bg_igwbarsicon" onclick="SelectWidget(Self,2, 4);" />
			<button name="WidgetAdd_2_4" left="17" top="113" width="68" height="25" skin="btn_barsadd_68x25" onclick="OpenWidget(2, 4);" linkhover="true" textcolor="$FFFED68F" downtextoffsetx="1" downtextoffsety="1"/>
		</button>
		<button name="WidgetBG_2_5" type="" left="436" top="194" width="103" height="144" skin="bg_igwselectbarsicon" onclick="SelectWidget(Self,2, 5);" alignment="taCenter" layout="llTop" ellipsisposition="epWordEllipsis" textindent="10" textveritical="8" hittestinarea="true" canactivate="false" onhover="onItemHover(Self, 2, 5);">
			<WidgetIconButton name="WidgetIcon_2_5" left="7" top="28" width="88" height="85" skin="bg_igwbarsicon" onclick="SelectWidget(Self,2, 5);" />
			<button name="WidgetAdd_2_5" left="17" top="113" width="68" height="25" skin="btn_barsadd_68x25" onclick="OpenWidget(2, 5);" linkhover="true" textcolor="$FFFED68F" downtextoffsetx="1" downtextoffsety="1"/>
		</button>		
	</view>
	<script src="DefaultManagerDialog.js"/>
</xul>