﻿<?xml version="1.0" encoding="utf-8"?>
<xul majorVer="1" minorVer="0" type="wg2d">
	<skin src="Skins\IGW.DefaultSkin.xml"/>	
	<view name="MyTestWidgetDialog" type="TWidgetDialog" caption="" left="270" top="80" width="320" height="200"  skin="bg_igwsetdialog" allowResize="0" candock="false" >
		<button type="" left="288" top="10" width="21" height="21" skin="btn_formclose_26x26" name="btnFormClose" onclick="btnFormCloseOnClick(Self);" showhint="true" hint="关闭"  canactivate="false"/>
		<button type="" left="65" top="162" width="68" height="25" skin="btn_barsnormal_68x25" name="btnOK" caption="确定" alignment="taCenter" canactivate="false" onclick="" textcolor="$FFCCB194" layout="llTop" textveritical="7"/>
		<button type="" left="185" top="162" width="68" height="25" skin="btn_barsnormal_68x25" name="btnCancel" caption="取消" alignment="taCenter" canactivate="false" onclick="" textcolor="$FFCCB194" layout="llTop" textveritical="7"/>
				
		<label type="" left="25" top="12" width="245" height="18" skin="" name="labelcaption" caption="Caption" alignment="taLeftJustify" layout="llCenter" canactivate="false" onclick="" textcolor="$FFE5BC64" cannotifydrag="true" ellipsisposition="epWordEllipsis"/>
		<label type="" left="10" top="32" width="298" height="119" skin="" name="labelText" caption="text" alignment="taCenter" layout="llCenter" canactivate="false" onclick="" textcolor="$FFCCB194" ellipsisposition="epWordEllipsis" wordwrap="true"  cannotifydrag="true" bordercoloraa="$FFFF0000"/>
	</view>
	<script src="DefaultMsgDiagle.js"/>
</xul>