﻿<?xml version="1.0" encoding="utf-8"?>
<xul majorVer="1" minorVer="0" type="wg2d">
	<skin src="Skins\IGW.DefaultSkin.xml"/>	
	<view name="igwsetdlg" type="TWidgetSetDialog" left="50" top="50" width="269" height="339" skin="bg_igwsetdialog" candock="false" docksite="false"  floatbuttonstatus="0"  cachepaintt="false">
	  <slider left="140" top="95" width="110" height="14" skin="" name="sliderBlendValue"  staffskinname="btn_sliderstaff_111x5" sliderskinname="btn_slider_8x13" max="100" min="5" thumblength="6" sliderlength="12"/>
		<button left="237" top="10" width="21" height="21" skin="btn_formclose_26x26" name="btnSetFormClose" onclick="btnSetFormCloseOnClick(Self);" showhint="true" hint="关闭" canactivate="false"/>
		<button left="50" top="298" width="68" height="25" skin="btn_barsnormal_68x25" name="btnOK" caption="确定" alignment="taCenter" canactivate="false" onclick="btnOKOnClick(Self)"  textcolor="$FFCCB194" layout="llTop" textveritical="7"/>
		<button left="160" top="298" width="68" height="25" skin="btn_barsnormal_68x25" name="btnCancel" caption="取消" alignment="taCenter" canactivate="false" onclick="btnCancelOnClick(Self)"  textcolor="$FFCCB194" layout="llTop" textveritical="7"/>
		
		<button left="20" top="38" width="60" height="20" skin="bg_igwNormalTab" name="btnTabUISkin" caption="界面设置" alignment="taCenter" layout="llCenter" canactivate="false" onclick="OnbtnTabUISkinClick(Self);"/>
		<button left="80" top="38" width="60" height="20" skin="bg_igwNormalTab" name="btnTabAudio" caption="音效管理" alignment="taCenter" layout="llCenter" canactivate="false" onclick="OnbtnTabAudioClick(Self);"/>		
		<button left="140" top="38" width="60" height="20" skin="bg_igwNormalTab" name="btnTabSystemSet" caption="系统设置" alignment="taCenter" layout="llCenter" canactivate="false" onclick="OnbtnTabSystemSetClick(Self);"/>
		<button left="9" top="58" width="251" height="17" skin="bg_igwNormalTabBottomLine" name="btnTabBottomLine" caption="" alignment="taCenter" layout="llCenter" canactivate="false" onclick="" bordercolora="$FFFF0000"/>
		
		<label left="22" top="11" width="140" height="20" skin="" name="WidgetListTitleWWW" caption="圈圈设置" layout="llCenter"  ellipsisposition="epWordEllipsis" cannotifydrag="true" textcolor="$FFE5BC64"/>
		<label left="26" top="95" width="80" height="16" skin="" name="blendcaption" caption="界面透明度：" layout="llCenter"  ellipsisposition="epWordEllipsis" cannotifydrag="true" abordercolor="$ffff0000" textcolor="$FFCCB194"/>
		<label left="101" top="95" width="35" height="16" skin="" name="blendvalue" caption="50%" layout="llCenter"  ellipsisposition="epWordEllipsis" cannotifydrag="true"  alignment="taCenter" bordercolora="$ffff0000" textcolor="$FFCCB194"/>
		<label left="26" top="95" width="215" height="100" skin="" name="labelsoundRegion" caption="" layout="llCenter"  ellipsisposition="epWordEllipsis" cannotifydrag="true"  bordercolor="$FF666666" textcolor="$fffffffe" canactivate="false" visible="false">
		  <slider left="100" top="30" width="100" height="14" skin="" name="sliderSoundValue"  staffskinname="btn_sliderstaff_111x5" sliderskinname="btn_slider_8x13" max="100" min="5" thumblength="6" sliderlength="12"/>
		  <slider left="100" top="60" width="100" height="14" skin="" name="sliderEffectValue"  staffskinname="btn_sliderstaff_111x5" sliderskinname="btn_slider_8x13" max="100" min="5" thumblength="6" sliderlength="12"/>
			<label left="10" top="-7" width="80" height="16" skin="bg_igwSetFormlblsoundCaption" name="labelsoundCaption" caption="游戏音量设置" layout="llCenter"  ellipsisposition="epWordEllipsis" cannotifydrag="true" abordercolor="$ffff0000" textcolor="$FFCCB194" backgroundcolor="$FF060605" alignment="taCenter"/>
			<label left="15" top="30" width="43" height="16" skin="" name="SoundCaption" caption="音乐：" layout="llCenter"  ellipsisposition="epWordEllipsis" cannotifydrag="true" bordercolora="$ffff0000" textcolor="$FFCCB194"/>
			<label left="15" top="60" width="43" height="16" skin="" name="EffectCaption" caption="音效：" layout="llCenter"  ellipsisposition="epWordEllipsis" cannotifydrag="true" bordercolora="$ffff0000" textcolor="$FFCCB194"/>
			<label left="60" top="30" width="30" height="16" skin="" name="SoundValue" caption="0%" layout="llCenter"  ellipsisposition="epWordEllipsis" cannotifydrag="true" textcolor="$FFCCB194" alignment="taCenter"  abordercolor="$ffff0000" />
			<label left="60" top="60" width="30" height="16" skin="" name="EffectValue" caption="0%" layout="llCenter"  ellipsisposition="epWordEllipsis" cannotifydrag="true" textcolor="$FFCCB194" alignment="taCenter"  abordercolor="$ffff0000" />
		</label>
		<label left="26" top="126" width="75" height="20" skin="" name="lblUITheme" caption="界面主题：" layout="llCenter"  ellipsisposition="epWordEllipsis" cannotifydrag="true" textcolor="$FFCCB194"/>
		<label left="26" top="151" width="75" height="20" skin="" name="lblUISkin" caption="配色方案：" layout="llCenter"  ellipsisposition="epWordEllipsis" cannotifydrag="true" textcolor="$FFCCB194"/>
		<label left="26" top="210" width="215" height="35" skin="" name="lblhintsoundvalueset" caption="提示：以上设置将在开启电台和语聊等有声应用时生效。" layout="llCenter"  ellipsisposition="epWordEllipsis" cannotifydrag="true" wordwrap="true"  textcolor="$FFCCB194"/>
		<button left="110" top="126" width="127" height="20" skin="lbl_normalcomboxfonststyle" name="btnThemeName" caption="自适应游戏" alignment="taLeftJustify" layout="llCenter" textindent="5" canactivate="false" onclick="btnThemeNameOnClick(Self);" textcolor="$FFCCB194" bordercolor="$FF887665"/>
		<button left="110" top="151" width="127" height="20" skin="lbl_normalcomboxfonststyle" name="btnSkinName" caption="默认配色" alignment="taLeftJustify" layout="llCenter" textindent="5" canactivate="false" onclick="btnSkinNameOnClick(Self);" textcolor="$FFCCB194"  bordercolor="$FF887665"/>
		<button left="220" top="128" width="15" height="15" skin="btn_btncombox_15x15" name="btnThemeDownCombox" caption="" canactivate="false" onclick="btnThemeNameOnClick(Self);"/>
		<button left="220" top="153" width="15" height="15" skin="btn_btncombox_15x15" name="btnSkinDownCombox" caption="" canactivate="false" onclick="btnSkinNameOnClick(Self);"/>
		<label left="26" top="95" width="215" height="60" skin="" name="labelSystemSetRegion" caption="" layout="llCenter"  ellipsisposition="epWordEllipsis" cannotifydrag="true"  bordercolor="$FF666666" textcolor="$fffffffe" canactivate="false" visible="false">
			<label left="10" top="-7" width="80" height="16" skin="bg_igwSetFormlblsoundCaption" name="labelSystemSetCaption" caption="消息中心设置" layout="llCenter"  ellipsisposition="epWordEllipsis" cannotifydrag="true" abordercolor="$ffff0000" textcolor="$FFCCB194" backgroundcolor="$FF060605" alignment="taCenter"/>
		</label>
		<checkbox left="46" top="110" width="158" height="20" skin="NormalLabelSkin" checkskinname="checkbox_checked_13x13" uncheckskinname="checkbox_unchecked_13x13" name="checkboxDisablePopupMsg" caption="圈圈隐藏状态时不弹出消息" alignment="taLeftJustify" layout="llCenter" canactivate="false" onclick=""  showhint="false" hint=""  textcolor="$FFCCB194" bordercolora="$FFFF0000"/>
		<checkbox left="46" top="135" width="130" height="20" skin="NormalLabelSkin" checkskinname="checkbox_checked_13x13" uncheckskinname="checkbox_unchecked_13x13" name="checkboxAllowPopupMsg" caption="只接收消息，不弹出" alignment="taLeftJustify" layout="llCenter" canactivate="false" onclick=""  showhint="false" hint=""  textcolor="$FFCCB194" bordercolora="$FFFF0000"/>
		<label left="26" top="165" width="215" height="120" skin="" name="labelSystemSetScreenCap" caption="" layout="llCenter"  ellipsisposition="epWordEllipsis" cannotifydrag="true" textcolor="$fffffffe" bordercolor="$FF666666" canactivate="true" visible="false">
			<label left="10" top="-7" width="60" height="16" skin="bg_igwSetFormlblsoundCaption" name="labelSystemSetScreenCapCaption" caption="截图设置" layout="llCenter"  ellipsisposition="epWordEllipsis" cannotifydrag="true" textcolor="$FFCCB194" alignment="taCenter"/>			
			<checkbox left="20" top="14" width="125" height="16" skin="" checkskinname="checkbox_checked_13x13" uncheckskinname="checkbox_unchecked_13x13" name="checkboxAutoHideAllWidget" caption="截图时自动隐藏应用" alignment="taLeftJustify" layout="llCenter" canactivate="false" onclick=""  showhint="false" hint="" textcolor="$FFCCB194"/>
			
			<label left="16" top="37" width="60" height="16" skin="" name="labelSystemKuaiJieJianCaption" caption="快捷键：" layout="llCenter"  ellipsisposition="epWordEllipsis" cannotifydrag="true" textcolor="$FFCCB194" alignment="taLeftJustify" />
			<checkbox left="20" top="60" width="150" height="16" skin="" checkskinname="Radio_checked_13x13" uncheckskinname="Radio_unchecked_13x13" name="RadioDefaultHotKey" caption="默认热键  PrintScreen" alignment="taLeftJustify" layout="llCenter" canactivate="true" onclick=""  showhint="false" hint="" textcolor="$FFCCB194" />
			<checkbox left="20" top="78" width="80" height="16" skin="" checkskinname="Radio_checked_13x13" uncheckskinname="Radio_unchecked_13x13" name="RadioDefineHotKey" caption="自定义热键" alignment="taLeftJustify" layout="llCenter" canactivate="false" onclick=""  showhint="false" hint="" textcolor="$FFCCB194"/>
			<hotkeyedit left="70" top="98" width="140" height="18"  skin="" name="editHotKey" text="无" caretcolor="$FFFF0000" margin="(2,3,2,1)" textcolor="$FFCCB194" bordercolor="$FF887665" fontname="Normal" canactivate="true"/>
		</label>
		<menu left="100" top="90" width="127" height="100" name="PopupMenuUITheme" skin="" onpopupmenu="" menuitemskin="bg_igwmenuitem18x18" autoalign="true" bordercolor="$FF887665" backgroundcolor="$FF000000" textindent="5">
		</menu>
		<menu left="100" top="90" width="127" height="100" name="PopupMenuUISkin" skin="" onpopupmenu="" menuitemskin="bg_igwmenuitem18x18" autoalign="true"  bordercolor="$FF887665" backgroundcolor="$FF000000" textindent="5">
		</menu>		
	</view>
	<script src="DefaultSetDialog.js"/>
</xul>