﻿<?xml version="1.0" encoding="utf-8"?>
<xul majorVer="1" minorVer="0" type="wg2d">
	<skin src=".\Skins\IGW.LegendofMirWebBrowserSkin.xml"/>
	<view name="WebBrowser" type="AdcolumnWebBrowser" caption="" left="270" top="80" width="266" height="315" skin="bg_LegendOfMirWBNormal" allowResize="0" candock="false" miniheight="315" miniwidth="266"  contentcandrag="false" floatbuttonstatus="0" margin="(12, 39, 12, 13)"  contentcolor="#FFFFFFFF" onsetfocus="OnWebBrowserSetFocus(Self);" contenttransparent="false" fixbarpos="(-6, 38, 0, 20)">
		<label type="" left="0" top="0" width="21" height="39" name="btnfocustitle" skin="bg_LegendOfMirWBFocusTitle" onclick="" canactivate="false" cannotifydrag="true"/>
		<label type="" left="86" top="10" width="150" height="25" name="formCaption" fontname="WBCaptionFont" alignment="taLeftJustify" canactivate="false" cannotifydrag="true" textcolor="$FFE5BC64" layout="llCenter" wordwrap="false" fontmargin="5" ellipsisposition="epEndEllipsis" bordercolora="$FFFF0000"/>
		<label type="" left="10" top="13" width="21" height="21" name="btnClose" skin="btn_wbformclose_21x21" onclick="OnFormBtnClose(Self)" canactivate="false" bordercolora="$FFFF0000"/>
		<label  left="10" top="13" width="21" height="21" name="btnMin" skin="btn_wbformmini_21x21" onclick="OnFormBtnMin(Self)" canactivate="false"/>
		<label type="" left="10" top="13" width="21" height="21" name="btnHelp" skin="btn_wbnormalhelp_21x21" onclick="OnFormBtnHelp(Self)" canactivate="false"/>		
	</view>
	<script src="WebBrowser.js"/>
</xul>