﻿<?xml version="1.0" encoding="utf-8"?>
<RecommendList>
	<recommend>
		<name>sdoRecommendKF</name>
		<version>1.0.0.0</version>
		<guid>{686BCE5E-13DB-46D5-9EC7-2019319E9080}</guid>
		<caption>客服</caption>
		<description>有问题，就来找客服</description>
		<icon />
		<url>http://ibw.kf.sdo.com/default.aspx?gid=$gid$&amp;gaid=$gaid$</url>
		<width>145</width>
		<height>310</height>
	</recommend>
	<recommend>
		<name>sdoRecommendCZ</name>
		<version>1.0.0.0</version>
		<guid>{31ECDD09-0DDF-4177-9E7A-AD9005F8BD4E}</guid>
		<caption>充值</caption>
		<description>安全、快捷</description>
		<icon />
		<url>http://igw.pay.sdo.com//ingame/default2.aspx?url=index_ibw.htm</url>
		<width>145</width>
		<height>310</height>
	</recommend>
	<recommend>
		<name>sdoRecommendJF</name>
		<version>1.0.0.0</version>
		<guid>{08F0E736-3AB8-4341-BE4B-4D30511D6B24}</guid>
		<caption>积分</caption>
		<description>积分换礼，实惠多多</description>
		<icon />
		<url>http://igwGuide.jf.sdo.com/jfGuide.aspx</url>
		<width>145</width>
		<height>310</height>
	</recommend>
	<recommend>
		<name>sdoRecommendFH</name>
		<version>1.0.0.0</version>
		<guid>{BB35BBC6-C380-4AB8-A241-D745815BB1E0}</guid>
		<caption>分红</caption>
		<description>分红推广员，凭啥月入上万元</description>
		<icon />
		<url>http://igw.178.sdo.com/CheckVersion.aspx?GameID=$gid$&amp;ServerNumID=$gsid$&amp;AreaNumID=$gaid$</url>
		<width>145</width>
		<height>310</height>
	</recommend>
</RecommendList>