﻿<?xml version="1.0" encoding="utf-8"?>
<gadget>
	<name>斗地主</name>
	<shortname>地主</shortname>
	<namespace>snda.igw</namespace>
	<version>1.0.0.1</version>
	<author name="SNDA Corporation">
		<info url="http://www.sdo.com" text="www.sdo.com"/>
		<logo src="icon.png"/>
	</author>
	<copyright>© 2008</copyright>
	<description>全球最流行的扑克牌游戏</description>
	<icons>
		<icon height="64" width="64" src="icon.png"/>
		<icon height="32" width="32" src="icon32.png"/>
		<icon height="21" width="21" src="icon21.png"/>
	</icons>
	<hosts>
		<host name="sidebar">
			<base type="html" apiVersion="1.0.0" src="http://landlord.igw.sdo.com/landlord.htm?role=$gname$($gid$)/$ga$($gaid$)/$gs$($gsid$)/$gnick$($sex$)" loginMode="SDO" width="508" height="375" clientwidth="480" clientheight="320" xul="WebBrowser.xml" />
			<permissions>full</permissions>
			<platform minPlatformVersion="1.0"/>
			<defaultImage src="drag.png"/>
		</host>
	</hosts>
	<guid>{E505C342-9E3A-4C41-9535-E2C322F338F8}</guid>
</gadget>
