﻿<?xml version="1.0" encoding="utf-8"?>
<!-- GameWidget配置文件 -->
<GameWidget>
	<SSO>
		<!-- SSO Passport 地址 -->
		<Passport Type="UDP">upassport.sdo.com:7000</Passport>
		<Passport Type="URL">https://cas.sdo.com/cas/Login.Validate.Account.Evp</Passport>
	</SSO>
	<SDO>
		<!-- SDO CAS 地址 -->
		<CAS><![CDATA[https://cas.sdo.com/cas/signverifier?EncryptData=%EncryptData%&EncryptToken=%EncryptToken%]]></CAS>
		<KeepAlive Timeout="60"><![CDATA[https://cas.sdo.com/cas/login?service=igw&gateway=]]></KeepAlive>
		<Logout><![CDATA[https://cas.sdo.com/cas/logout?url=]]></Logout>
	</SDO>
	<IGP>
		<Profile>http://p[$UserHash30].igw.sdo.com/p.asmx</Profile>
		<Logon>http://auth.igw.sdo.com/Auth.asmx</Logon>
		<Counter>http://hb.igw.sdo.com/Stat.asmx</Counter>
		<MessageList>http://msg.igw.sdo.com/MessageWS.asmx</MessageList>
		<NetReg>http://netreg.igw.sdo.com/NetReg.asmx</NetReg>
		<MessageHistory>{WidgetData}Html\MessageHistory\msg\messages.html</MessageHistory>
	</IGP>
</GameWidget>
