﻿<?xml version="1.0" encoding="utf-8"?>
<gadget>
	<name>投票</name>
	<shortname>投票</shortname> 
	<namespace>snda.igw</namespace>
	<version>1.0.0.2</version>
	<author name="SNDA Corporation">
		<info url="http://www.sdo.com" text="www.sdo.com"/>
		<logo src="icon.png"/>
	</author>
	<copyright>© 2008</copyright>
	<description>贴近真实生活与心理的投票趣味无穷。
还可以让大家一起帮你做决定、做调查。</description>
	<icons>
		<icon height="64" width="64" src="icon.png"/>
		<icon height="32" width="32" src="icon32.png"/>
		<icon height="21" width="21" src="icon21.png"/>
	</icons>
	<hosts>
		<host name="sidebar">
			<base type="html" apiVersion="1.0.0" src="http://vote1.sdo.com/default.aspx?APPID=$gid$&amp;Area=$gaid$&amp;Server=$gsid$&amp;nickname=$gnick$&amp;WidgetName=$SrcParam$" loginMode="SDO" width="648" height="431" clientwidth="620" clientheight="376" xul="WebBrowser.xml"/>
			<permissions>full</permissions>
			<platform minPlatformVersion="1.0"/>
			<defaultImage src="drag.png"/>
		</host>
	</hosts>
	<guid>{0E77F6FF-AE44-4333-853A-5425DB28C334}</guid>
</gadget>
