﻿<?xml version="1.0" encoding="utf-8"?>
<gadget>
	<name>彩虹在线</name>
	<shortname>在线</shortname>
	<namespace>snda.igw</namespace>
	<version>1.0.0.2</version>
	<author name="SNDA Corporation">
		<info url="http://www.sdo.com" text="www.sdo.com"/>
		<logo src="icon.png"/>
	</author>
	<copyright>© 2008</copyright>
	<description>盛大客服实时在线帮助系统，面向贵宾用户。</description>
	<icons>
		<icon height="64" width="64" src="icon.png"/>
		<icon height="32" width="32" src="icon32.png"/>
		<icon height="21" width="21" src="icon21.png"/>               
	</icons>
	<hosts>
		<host name="sidebar">
			<base type="html" apiVersion="1.0.0" src="http://ncccas.sdrs.sdo.com/nvs/login.php?co=1&amp;tp=4&amp;ut=1&amp;id=&amp;gd=&amp;gm=$gid$&amp;ar=$gaid$&amp;sv=$gsid$&amp;rl=$gnick$" loginMode="SDO" width="448" height="475" clientwidth="420" clientheight="420" xul="WebBrowser.xml"/>
			<permissions>full</permissions>
			<platform minPlatformVersion="1.0"/>
			<defaultImage src="drag.png"/>
		</host>
	</hosts>
	<guid>{72791768-26E0-4B11-AE08-B1E86DB4A1E4}</guid>
</gadget>
