﻿<?xml version="1.0" encoding="utf-8"?>
<widget>
	<widgetskinsresource>
		<fonts>
			<font name="CaptionFont" family="宋体" size="9" bold="True" italic="False" underLine="False" />
		</fonts>
	</widgetskinsresource>
	<!-- widgetskins中的system为真标识该skin文件只会被加载一次不允许重复加载 -->
	<widgetskins>
		<skin name="formskin" imagecenterdraw="false" imagestretchdraw="true">
			<!-- 注意imagewell用于标识该图片按照九宫格的方式缩放（左上角宽度，左上角高度，右下角宽度，右下角高度） -->	
			<normal src="..\Images\DefaultForm.png"  left="0" top="0" right="40" bottom="63" imagewell="(19, 41, 19, 20)"/>
		</skin>
		<skin name="btncloseskin36x34" imagecenterdraw="false" imagestretchdraw="true">			
	    <normal src="..\Images\DefaultForm.png"  left="76" top="0" right="112" bottom="34"/>
			<hover src="..\Images\DefaultForm.png"  left="40" top="0" right="76" bottom="34"/>
		</skin>		
	</widgetskins>
</widget>
