<?xml version="1.0" encoding="utf-8"?>
<gadget>
	<name>圈圈BUG报告</name>
	<shortname>捉虫</shortname> 
	<namespace>snda.igw</namespace>
	<version>1.0.0.1</version>
	<author name="SNDA Corporation">
		<info url="http://www.sdo.com" text="www.sdo.com"/>
		<logo src="icon.png"/>
	</author>
	<copyright>© 2008</copyright>
	<description>为了将更高品质的圈圈献给大家，我们开启了bug提交！欢迎您为圈圈“捉虫”，明天的圈圈有您的智慧结晶！</description>
	<icons>
		<icon height="64" width="64" src="icon.png"/>
		<icon height="32" width="32" src="icon32.png"/>
		<icon height="21" width="21" src="icon21.png"/>
	</icons>
	<hosts>
		<host name="sidebar">
			<base type="html" apiVersion="1.0.0" src="http://igw.kk.sdo.com/bug/inigwbug/index.aspx?APPID=$gid$&amp;Area=$gaid$&amp;Server=$gsid$&amp;nickname=$gnick$" width="528" height="340" clientwidth="500" clientheight="285" xul="WebBrowser.xml"/>
			<permissions>full</permissions>
			<platform minPlatformVersion="1.0"/>
			<defaultImage src="drag.png"/>
		</host>
	</hosts>
	<guid>{E9D36D62-409D-449B-ACCD-D49DD7CB0282}</guid>
</gadget>
