﻿<?xml version="1.0" encoding="utf-8"?>
<gadget>
	<name>迷你播放器</name>
	<shortname>音乐</shortname> 
	<namespace>snda.igw</namespace>
	<version>2.0.0.2</version>
	<author name="SNDA Corporation">
		<info url="http://www.sdo.com" text="www.sdo.com"/>
		<logo src="logo64.png"/>
	</author>
	<copyright>© 2008</copyright>
	<description>最酷最时尚的网络音乐播放器，想搜什么就有什么，新歌抢听，好歌无限，畅享音乐世界！</description>
	<icons>
		<icon height="64" width="64" src="logo64.png"/>
		<icon height="32" width="32" src="logo32.png"/>
		<icon height="21" width="21" src="icon21.png"/>
	</icons>
	<hosts>
		<host name="sidebar">
			<base type="html" apiVersion="1.0.0" src="http://222.73.2.227:8090/igw_miniplayer/Default.aspx" width="314" height="520" floatbtnclose="0" floatbtndrag="0" AutoCloseAudioSound="1" AutoCloseAudioEffect="1" />
			<permissions>full</permissions>
			<platform minPlatformVersion="1.0"/>
			<defaultImage src="drag.png"/>
		</host>
	</hosts>
	<guid>{E1526D91-7E65-40C2-9F8F-2838A2BF500A}</guid>
</gadget>
