﻿<?xml version="1.0" encoding="utf-8"?>
<gadget>
	<name>淘金乐园</name>
	<shortname>淘金</shortname>
	<namespace>snda.igw</namespace>
	<version>1.0.0.3</version>
	<author name="SNDA Corporation">
		<info url="http://minigame.sdo.com" text="淘金乐园"/>
		<logo src="logo.png"/>
	</author>
	<copyright>© 2008</copyright>
	<description>淘金乐园-盛大积分游戏乐园</description>
	<icons>
		<icon height="64" width="64" src="logo.png"/>
		<icon height="32" width="32" src="icon.png"/>
		<icon height="21" width="21" src="icon21.png"/> 
	</icons>
	<hosts>
		<host name="sidebar">
			<base type="html" apiVersion="1.0.0" src="http://minigame.sdo.com/taojin/game/indexigw.php" loginMode="SDO" width="1" height="1" floatbtnclose="0" floatbtndrag="0" AutoCloseAudioSound="1" AutoCloseAudioEffect="1" />
			<permissions>full</permissions>
			<platform minPlatformVersion="1.0"/>
			<defaultImage src="drag.png"/>
		</host>
	</hosts>
	<guid>{3B05FB75-651D-4ADA-B17E-DFF2561DD2F5}</guid>
</gadget>
