﻿<?xml version="1.0" encoding="utf-8"?>
<gadget>
	<name>折扣券商城</name>
	<shortname>打折</shortname>
	<namespace>snda.igw</namespace>
	<version>1.0.0.2</version>
	<author name="SNDA Corporation">
		<info url="http://www.sdo.com" text="www.sdo.com"/>
		<logo src="icon.png"/>
	</author>
	<copyright>© 2008</copyright>
	<description>打折道具哪里寻？用盛大折扣券，天天有特价！——盛大折扣券商城是游戏在线商品折扣商城，我们随时竭诚为您提供优惠购买的服务！</description>
	<icons>
		<icon height="64" width="64" src="icon.png"/>
		<icon height="32" width="32" src="icon32.png"/>
		<icon height="21" width="21" src="icon21.png"/> 
	</icons>
	<hosts>
		<host name="sidebar">
			<base type="HTML" apiVersion="1.0.0" src="http://zk.sdo.com/igwdstore/igw/player/toCasPlayerLoginAction.do?serviceId=$gid$" loginMode="SDO" width="708" height="475" clientwidth="680" clientheight="420" xul="webbrowser.xml" />
			<permissions>full</permissions>
			<platform minPlatformVersion="1.0"/>
			<defaultImage src="drag.png"/>
		</host>
	</hosts>
	<guid>{1A67E888-23F7-4229-8204-FE0E86F9DB2D}</guid>
</gadget>
