﻿<?xml version="1.0" encoding="utf-8"?>
<gadget>
	<name>盛大易答</name>
	<shortname>易答</shortname> 
	<namespace>snda.igw</namespace>
	<version>1.0.0.2</version>
	<author name="SNDA Corporation">
		<info url="http://www.sdo.com" text="www.sdo.com"/>
		<logo src="icon.png"/>
	</author>
	<copyright>© 2008</copyright>
	<description>盛大易答是专为游戏玩家设计的即时互动交流平台，您可以在这里寻求到易答会员为您解答游戏问题。</description>
	<icons>
		<icon height="64" width="64" src="icon.png"/>
		<icon height="32" width="32" src="icon32.png"/>
		<icon height="21" width="21" src="icon21.png"/>
	</icons>
	<hosts>
		<host name="sidebar">
			<base type="html" apiVersion="1.0.0" src="http://eda.sdo.com/webchat/WebCheckUser.aspx?co=1&amp;tp=3&amp;ut=1&amp;id=&amp;gd=&amp;gm=$gid$&amp;ar=$gaid$&amp;sv=$gsid$&amp;rl=$gnick$" loginMode="SDO" width="458" height="485" clientwidth="430" clientheight="430" xul="WebBrowser.xml" />
			<permissions>full</permissions>
			<platform minPlatformVersion="1.0"/>
			<defaultImage src="drag.png"/>
		</host>
	</hosts>
	<guid>{2745FED0-B201-4964-8CDF-428A782CE78F}</guid>
</gadget>
